,,,,,,
,Workbook Contents,,,,,
,Natural Gas Gross Withdrawals ,,,,,
,,,,,,
,Click worksheet name or tab at bottom for data,,,,,
,Worksheet Name,Description,# Of Series,Frequency,Latest Data for,
,Data 1,Areas for production summary,18,Monthly,2/2022,1/15/1973
,Data 2,Other States,19,Monthly,2/2022,1/15/1991
,,,,,,
,Release Date:,4/29/2022,,,,
,Next Release Date:,5/31/2022,,,,
,,,,,,
,Excel File Name:,ng_prod_sum_a_epg0_fgw_mmcf_m.xls,,,,
,Available from Web Page:,http://www.eia.gov/dnav/ng/ng_prod_sum_a_epg0_fgw_mmcf_m.htm,,,,
,Source:,Energy Information Administration,,,,
,"For Help, Contact:",infoctr@eia.gov,,,,
,,(202) 586-8800,,,4/26/2022 1:31:08 AM,

Back to Contents,Data 1: Areas for production summary,,,,,,,,,,,,,,,,,,
Sourcekey,N9010US2,N9010AK2,N9010AR2,N9010CA2,N9010CO2,N9010FX2,N9010KS2,N9010LA2,N9010MT2,N9010NM2,N9010ND2,N9010OH2,N9010OK2,N9010PA2,N9010TX2,N9010UT2,N9010WV2,N9010WY2,
Date,U.S. Natural Gas Gross Withdrawals (MMcf),Alaska Natural Gas Gross Withdrawals (MMcf),Arkansas Natural Gas Gross Withdrawals (MMcf),California Natural Gas Gross Withdrawals (MMcf),Colorado Natural Gas Gross Withdrawals (MMcf),Federal Offshore--Gulf of Mexico Natural Gas Gross Withdrawals (MMcf),Kansas Natural Gas Gross Withdrawals (MMcf),Louisiana Natural Gas Gross Withdrawals (MMcf),Montana Natural Gas Gross Withdrawals (MMcf),New Mexico Natural Gas Gross Withdrawals (MMcf),North Dakota Natural Gas Gross Withdrawals (MMcf),Ohio Natural Gas Gross Withdrawals (MMcf),Oklahoma Natural Gas Gross Withdrawals (MMcf),Pennsylvania Natural Gas Gross Withdrawals (MMcf),Texas Natural Gas Gross Withdrawals (MMcf),Utah Natural Gas Gross Withdrawals (MMcf),West Virginia Natural Gas Gross Withdrawals (MMcf),Wyoming Natural Gas Gross Withdrawals (MMcf),
Jan-1973,,,,,,,,,,,,,,,,,,,
Feb-1973,,,,,,,,,,,,,,,,,,,
Mar-1973,,,,,,,,,,,,,,,,,,,
Apr-1973,,,,,,,,,,,,,,,,,,,
May-1973,,,,,,,,,,,,,,,,,,,
Jun-1973,,,,,,,,,,,,,,,,,,,
Jul-1973,,,,,,,,,,,,,,,,,,,
Aug-1973,,,,,,,,,,,,,,,,,,,
Sep-1973,,,,,,,,,,,,,,,,,,,
Oct-1973,,,,,,,,,,,,,,,,,,,
Nov-1973,,,,,,,,,,,,,,,,,,,
Dec-1973,,,,,,,,,,,,,,,,,,,
Jan-1974,,,,,,,,,,,,,,,,,,,
Feb-1974,,,,,,,,,,,,,,,,,,,
Mar-1974,,,,,,,,,,,,,,,,,,,
Apr-1974,,,,,,,,,,,,,,,,,,,
May-1974,,,,,,,,,,,,,,,,,,,
Jun-1974,,,,,,,,,,,,,,,,,,,
Jul-1974,,,,,,,,,,,,,,,,,,,
Aug-1974,,,,,,,,,,,,,,,,,,,
Sep-1974,,,,,,,,,,,,,,,,,,,
Oct-1974,,,,,,,,,,,,,,,,,,,
Nov-1974,,,,,,,,,,,,,,,,,,,
Dec-1974,,,,,,,,,,,,,,,,,,,
Jan-1975,,,,,,,,,,,,,,,,,,,
Feb-1975,,,,,,,,,,,,,,,,,,,
Mar-1975,,,,,,,,,,,,,,,,,,,
Apr-1975,,,,,,,,,,,,,,,,,,,
May-1975,,,,,,,,,,,,,,,,,,,
Jun-1975,,,,,,,,,,,,,,,,,,,
Jul-1975,,,,,,,,,,,,,,,,,,,
Aug-1975,,,,,,,,,,,,,,,,,,,
Sep-1975,,,,,,,,,,,,,,,,,,,
Oct-1975,,,,,,,,,,,,,,,,,,,
Nov-1975,,,,,,,,,,,,,,,,,,,
Dec-1975,,,,,,,,,,,,,,,,,,,
Jan-1976,,,,,,,,,,,,,,,,,,,
Feb-1976,,,,,,,,,,,,,,,,,,,
Mar-1976,,,,,,,,,,,,,,,,,,,
Apr-1976,,,,,,,,,,,,,,,,,,,
May-1976,,,,,,,,,,,,,,,,,,,
Jun-1976,,,,,,,,,,,,,,,,,,,
Jul-1976,,,,,,,,,,,,,,,,,,,
Aug-1976,,,,,,,,,,,,,,,,,,,
Sep-1976,,,,,,,,,,,,,,,,,,,
Oct-1976,,,,,,,,,,,,,,,,,,,
Nov-1976,,,,,,,,,,,,,,,,,,,
Dec-1976,,,,,,,,,,,,,,,,,,,
Jan-1977,,,,,,,,,,,,,,,,,,,
Feb-1977,,,,,,,,,,,,,,,,,,,
Mar-1977,,,,,,,,,,,,,,,,,,,
Apr-1977,,,,,,,,,,,,,,,,,,,
May-1977,,,,,,,,,,,,,,,,,,,
Jun-1977,,,,,,,,,,,,,,,,,,,
Jul-1977,,,,,,,,,,,,,,,,,,,
Aug-1977,,,,,,,,,,,,,,,,,,,
Sep-1977,,,,,,,,,,,,,,,,,,,
Oct-1977,,,,,,,,,,,,,,,,,,,
Nov-1977,,,,,,,,,,,,,,,,,,,
Dec-1977,,,,,,,,,,,,,,,,,,,
Jan-1978,,,,,,,,,,,,,,,,,,,
Feb-1978,,,,,,,,,,,,,,,,,,,
Mar-1978,,,,,,,,,,,,,,,,,,,
Apr-1978,,,,,,,,,,,,,,,,,,,
May-1978,,,,,,,,,,,,,,,,,,,
Jun-1978,,,,,,,,,,,,,,,,,,,
Jul-1978,,,,,,,,,,,,,,,,,,,
Aug-1978,,,,,,,,,,,,,,,,,,,
Sep-1978,,,,,,,,,,,,,,,,,,,
Oct-1978,,,,,,,,,,,,,,,,,,,
Nov-1978,,,,,,,,,,,,,,,,,,,
Dec-1978,,,,,,,,,,,,,,,,,,,
Jan-1979,,,,,,,,,,,,,,,,,,,
Feb-1979,,,,,,,,,,,,,,,,,,,
Mar-1979,,,,,,,,,,,,,,,,,,,
Apr-1979,,,,,,,,,,,,,,,,,,,
May-1979,,,,,,,,,,,,,,,,,,,
Jun-1979,,,,,,,,,,,,,,,,,,,
Jul-1979,,,,,,,,,,,,,,,,,,,
Aug-1979,,,,,,,,,,,,,,,,,,,
Sep-1979,,,,,,,,,,,,,,,,,,,
Oct-1979,,,,,,,,,,,,,,,,,,,
Nov-1979,,,,,,,,,,,,,,,,,,,
Dec-1979,,,,,,,,,,,,,,,,,,,
Jan-1980,1960000,,,,,,,,,,,,,,,,,,
Feb-1980,1840000,,,,,,,,,,,,,,,,,,
Mar-1980,1971000,,,,,,,,,,,,,,,,,,
Apr-1980,1806000,,,,,,,,,,,,,,,,,,
May-1980,1840000,,,,,,,,,,,,,,,,,,
Jun-1980,1725000,,,,,,,,,,,,,,,,,,
Jul-1980,1756000,,,,,,,,,,,,,,,,,,
Aug-1980,1716000,,,,,,,,,,,,,,,,,,
Sep-1980,1723000,,,,,,,,,,,,,,,,,,
Oct-1980,1790000,,,,,,,,,,,,,,,,,,
Nov-1980,1790000,,,,,,,,,,,,,,,,,,
Dec-1980,1949000,,,,,,,,,,,,,,,,,,
Jan-1981,1890000,,,,,,,,,,,,,,,,,,
Feb-1981,1702000,,,,,,,,,,,,,,,,,,
Mar-1981,1871000,,,,,,,,,,,,,,,,,,
Apr-1981,1808000,,,,,,,,,,,,,,,,,,
May-1981,1838000,,,,,,,,,,,,,,,,,,
Jun-1981,1770000,,,,,,,,,,,,,,,,,,
Jul-1981,1797000,,,,,,,,,,,,,,,,,,
Aug-1981,1841000,,,,,,,,,,,,,,,,,,
Sep-1981,1716000,,,,,,,,,,,,,,,,,,
Oct-1981,1781000,,,,,,,,,,,,,,,,,,
Nov-1981,1714000,,,,,,,,,,,,,,,,,,
Dec-1981,1860000,,,,,,,,,,,,,,,,,,
Jan-1982,1870000,,,,,,,,,,,,,,,,,,
Feb-1982,1716000,,,,,,,,,,,,,,,,,,
Mar-1982,1822000,,,,,,,,,,,,,,,,,,
Apr-1982,1719000,,,,,,,,,,,,,,,,,,
May-1982,1698000,,,,,,,,,,,,,,,,,,
Jun-1982,1647000,,,,,,,,,,,,,,,,,,
Jul-1982,1672000,,,,,,,,,,,,,,,,,,
Aug-1982,1643000,,,,,,,,,,,,,,,,,,
Sep-1982,1574000,,,,,,,,,,,,,,,,,,
Oct-1982,1615000,,,,,,,,,,,,,,,,,,
Nov-1982,1627000,,,,,,,,,,,,,,,,,,
Dec-1982,1669000,,,,,,,,,,,,,,,,,,
Jan-1983,1748117,,,,,,,,,,,,,,,,,,
Feb-1983,1521467,,,,,,,,,,,,,,,,,,
Mar-1983,1577466,,,,,,,,,,,,,,,,,,
Apr-1983,1542366,,,,,,,,,,,,,,,,,,
May-1983,1532055,,,,,,,,,,,,,,,,,,
Jun-1983,1495326,,,,,,,,,,,,,,,,,,
Jul-1983,1551881,,,,,,,,,,,,,,,,,,
Aug-1983,1532451,,,,,,,,,,,,,,,,,,
Sep-1983,1462650,,,,,,,,,,,,,,,,,,
Oct-1983,1531355,,,,,,,,,,,,,,,,,,
Nov-1983,1521775,,,,,,,,,,,,,,,,,,
Dec-1983,1642136,,,,,,,,,,,,,,,,,,
Jan-1984,1895481,,,,,,,,,,,,,,,,,,
Feb-1984,1655189,,,,,,,,,,,,,,,,,,
Mar-1984,1699551,,,,,,,,,,,,,,,,,,
Apr-1984,1671840,,,,,,,,,,,,,,,,,,
May-1984,1675256,,,,,,,,,,,,,,,,,,
Jun-1984,1623846,,,,,,,,,,,,,,,,,,
Jul-1984,1682570,,,,,,,,,,,,,,,,,,
Aug-1984,1658423,,,,,,,,,,,,,,,,,,
Sep-1984,1580166,,,,,,,,,,,,,,,,,,
Oct-1984,1667575,,,,,,,,,,,,,,,,,,
Nov-1984,1661692,,,,,,,,,,,,,,,,,,
Dec-1984,1794932,,,,,,,,,,,,,,,,,,
Jan-1985,1833462,,,,,,,,,,,,,,,,,,
Feb-1985,1672775,,,,,,,,,,,,,,,,,,
Mar-1985,1689944,,,,,,,,,,,,,,,,,,
Apr-1985,1601171,,,,,,,,,,,,,,,,,,
May-1985,1585096,,,,,,,,,,,,,,,,,,
Jun-1985,1526158,,,,,,,,,,,,,,,,,,
Jul-1985,1570088,,,,,,,,,,,,,,,,,,
Aug-1985,1559116,,,,,,,,,,,,,,,,,,
Sep-1985,1536110,,,,,,,,,,,,,,,,,,
Oct-1985,1594820,,,,,,,,,,,,,,,,,,
Nov-1985,1605066,,,,,,,,,,,,,,,,,,
Dec-1985,1832894,,,,,,,,,,,,,,,,,,
Jan-1986,1822072,,,,,,,,,,,,,,,,,,
Feb-1986,1590678,,,,,,,,,,,,,,,,,,
Mar-1986,1697033,,,,,,,,,,,,,,,,,,
Apr-1986,1532501,,,,,,,,,,,,,,,,,,
May-1986,1559058,,,,,,,,,,,,,,,,,,
Jun-1986,1488517,,,,,,,,,,,,,,,,,,
Jul-1986,1530478,,,,,,,,,,,,,,,,,,
Aug-1986,1531488,,,,,,,,,,,,,,,,,,
Sep-1986,1449958,,,,,,,,,,,,,,,,,,
Oct-1986,1549075,,,,,,,,,,,,,,,,,,
Nov-1986,1635610,,,,,,,,,,,,,,,,,,
Dec-1986,1744243,,,,,,,,,,,,,,,,,,
Jan-1987,1830364,,,,,,,,,,,,,,,,,,
Feb-1987,1648472,,,,,,,,,,,,,,,,,,
Mar-1987,1745201,,,,,,,,,,,,,,,,,,
Apr-1987,1646758,,,,,,,,,,,,,,,,,,
May-1987,1641199,,,,,,,,,,,,,,,,,,
Jun-1987,1575395,,,,,,,,,,,,,,,,,,
Jul-1987,1592419,,,,,,,,,,,,,,,,,,
Aug-1987,1617677,,,,,,,,,,,,,,,,,,
Sep-1987,1546332,,,,,,,,,,,,,,,,,,
Oct-1987,1691308,,,,,,,,,,,,,,,,,,
Nov-1987,1730252,,,,,,,,,,,,,,,,,,
Dec-1987,1874822,,,,,,,,,,,,,,,,,,
Jan-1988,1931603,,,,,,,,,,,,,,,,,,
Feb-1988,1758595,,,,,,,,,,,,,,,,,,
Mar-1988,1833049,,,,,,,,,,,,,,,,,,
Apr-1988,1690503,,,,,,,,,,,,,,,,,,
May-1988,1730340,,,,,,,,,,,,,,,,,,
Jun-1988,1660533,,,,,,,,,,,,,,,,,,
Jul-1988,1680284,,,,,,,,,,,,,,,,,,
Aug-1988,1697417,,,,,,,,,,,,,,,,,,
Sep-1988,1614511,,,,,,,,,,,,,,,,,,
Oct-1988,1753272,,,,,,,,,,,,,,,,,,
Nov-1988,1777887,,,,,,,,,,,,,,,,,,
Dec-1988,1871261,,,,,,,,,,,,,,,,,,
Jan-1989,1871079,,,,,,,,,,,,,,,,,,
Feb-1989,1717410,,,,,,,,,,,,,,,,,,
Mar-1989,1814437,,,,,,,,,,,,,,,,,,
Apr-1989,1742633,,,,,,,,,,,,,,,,,,
May-1989,1775667,,,,,,,,,,,,,,,,,,
Jun-1989,1688471,,,,,,,,,,,,,,,,,,
Jul-1989,1725453,,,,,,,,,,,,,,,,,,
Aug-1989,1720256,,,,,,,,,,,,,,,,,,
Sep-1989,1649263,,,,,,,,,,,,,,,,,,
Oct-1989,1724142,,,,,,,,,,,,,,,,,,
Nov-1989,1789778,,,,,,,,,,,,,,,,,,
Dec-1989,1855838,,,,,,,,,,,,,,,,,,
Jan-1990,1938977,,,,,,,,,,,,,,,,,,
Feb-1990,1719684,,,,,,,,,,,,,,,,,,
Mar-1990,1841822,,,,,,,,,,,,,,,,,,
Apr-1990,1752771,,,,,,,,,,,,,,,,,,
May-1990,1781076,,,,,,,,,,,,,,,,,,
Jun-1990,1712084,,,,,,,,,,,,,,,,,,
Jul-1990,1757476,,,,,,,,,,,,,,,,,,
Aug-1990,1764953,,,,,,,,,,,,,,,,,,
Sep-1990,1690802,,,,,,,,,,,,,,,,,,
Oct-1990,1841740,,,,,,,,,,,,,,,,,,
Nov-1990,1825816,,,,,,,,,,,,,,,,,,
Dec-1990,1895421,,,,,,,,,,,,,,,,,,
Jan-1991,1956947,206213,19595,36651,21103,,64057,475615,5317,98168,5413,13138,194179,13538,613705,29169,17794,81224,
Feb-1991,1737959,192757,16126,32831,24172,,54742,415395,4533,81480,4886,11794,176577,12153,540324,25803,15880,72419,
Mar-1991,1889228,212592,16675,39214,24435,,58012,446189,4861,90924,5408,12855,189362,13271,578880,28696,17289,87728,
Apr-1991,1799742,193357,13393,37554,25590,,52088,427529,4866,87912,5186,12191,182592,12588,556087,27430,16401,83390,
May-1991,1786338,189547,13191,37761,23263,,50888,421558,4600,87739,5231,12085,181866,12483,561205,26066,16256,79090,
Jun-1991,1712514,190891,12183,35557,23548,,46821,394184,3543,83496,5259,11737,168292,12115,546366,25904,15660,78893,
Jul-1991,1740174,198657,12113,39094,23557,,45032,392974,3583,78816,5595,11966,176757,12372,555274,26327,15973,79998,
Aug-1991,1740663,194613,11439,37700,24550,,42868,396947,4173,84884,5337,11942,171545,12338,551733,27840,15968,84670,
Sep-1991,1715762,186968,11397,38819,23440,,43595,399564,4023,85430,4737,11590,167685,11991,550257,23393,15638,79188,
Oct-1991,1863592,206342,13248,43053,24584,,50514,436848,4479,93028,4987,12612,180504,13054,590111,28671,17037,84356,
Nov-1991,1864008,199164,14747,41556,25178,,58127,434276,4241,91833,5214,12611,179976,13042,588828,28721,16994,86145,
Dec-1991,1942461,207795,15525,40046,31698,,63441,458989,4783,94910,5404,13130,184516,13555,612771,25640,17715,81377,
Jan-1992,1952053,220207,18688,40367,28269,,65091,453270,5106,97887,5278,12811,184091,12329,598880,27197,16181,91656,
Feb-1992,1747923,216672,16702,36985,26307,,56523,402327,4902,88307,4889,11514,166004,11001,528013,25078,14439,66059,
Mar-1992,1837330,225612,18015,39291,25490,,53640,420967,5332,96143,5203,12436,165802,11762,553839,25991,15437,86107,
Apr-1992,1801298,219351,17364,39024,26125,,47570,411917,4653,103739,4783,11936,168030,11377,538891,23358,14931,82918,
May-1992,1841543,214908,17271,39717,27205,,50404,431327,4504,110218,4881,11885,165080,11468,560714,25028,15051,78099,
Jun-1992,1799501,204193,16725,36276,27139,,48717,417000,3734,103727,4865,11431,166336,11110,543985,25354,14580,83725,
Jul-1992,1841528,207403,17032,37994,26396,,49180,427388,3938,113534,5024,11646,160800,11339,556864,26008,14882,92895,
Aug-1992,1798984,205162,17039,36885,27842,,48695,382708,3854,115909,5049,11664,159160,11212,562265,25896,14715,92078,
Sep-1992,1786200,213266,16837,35860,27128,,47944,381170,3842,110818,4841,11528,160231,11089,555604,26956,14553,87299,
Oct-1992,1898912,229947,18149,37302,28391,,56453,414845,4583,113532,5203,12472,170825,11902,579459,27416,15620,91334,
Nov-1992,1871098,225054,18132,34459,29527,,64486,406315,5144,115884,4900,12450,172795,11789,557729,27403,15473,92754,
Dec-1992,1955878,243938,18951,34695,34175,,71039,428235,5218,120081,5063,13042,178201,12296,571770,28590,16137,91893,
Jan-1993,1965166,241168,17881,35778,32694,,68326,423076,5335,118270,5424,12178,181837,11538,586639,29036,15164,94983,
Feb-1993,1767708,215639,16025,31941,29383,,59556,382554,4826,110194,5010,10875,162387,10337,531285,27418,14540,85936,
Mar-1993,1943064,241867,17402,34552,33718,,61876,406496,5124,120573,5517,11718,174972,11214,589124,31267,14678,97361,
Apr-1993,1842904,223263,16655,33088,34380,,55016,395723,4790,115915,5467,11238,167804,10773,569381,29882,13676,77740,
May-1993,1878769,225685,16899,33431,36385,,56230,411114,4693,121341,5533,11318,169008,10929,579566,27942,13828,79381,
Jun-1993,1794868,203582,16225,32111,33931,,53159,394868,4058,115051,5365,10862,162193,10505,558683,28358,13984,71670,
Jul-1993,1850299,204453,16661,32692,32995,,53089,412879,3995,116464,5541,11030,164704,10759,576857,27521,13701,83442,
Aug-1993,1871405,219932,16699,32747,34802,,51079,420433,3454,121483,5541,11034,164753,10778,572473,25763,14144,85985,
Sep-1993,1832337,213811,16417,32302,33910,,47670,417563,4095,117900,5308,10879,162440,10595,555943,24670,14031,84823,
Oct-1993,1950320,249679,17570,34947,35488,,54487,440892,5064,122550,5388,11850,176939,11352,574332,27934,14506,87192,
Nov-1993,1965775,262373,17644,35074,36448,,60596,458579,4920,123183,5318,11871,177265,11404,551251,27324,13568,86045,
Dec-1993,2063028,276888,18474,36704,39870,,67071,482445,5163,127407,5539,12432,185638,11946,571392,29068,15205,88044,
Jan-1994,2022627,268574,17082,34930,39207,,70958,441368,4998,130793,5466,11722,171629,10523,577140,28316,16294,91580,
Feb-1994,1815466,239920,15309,31184,35941,,61850,402280,4529,121891,5014,10468,153271,9428,526756,28226,15623,81686,
Mar-1994,2028595,269535,16624,33733,38103,,64259,436425,4625,133334,5459,11280,165150,10227,593034,30799,15772,89771,
Apr-1994,1924133,248381,15911,32303,38734,,57135,423914,4439,128118,5418,10818,158384,9826,573725,29630,14695,92679,
May-1994,1983962,250838,16144,32638,41588,,58396,438127,4132,134175,5580,10895,159521,9967,589005,29997,14859,89438,
Jun-1994,1881268,225763,15500,31349,36686,,55207,420754,3399,127092,5282,10456,153088,9581,573948,28579,15027,81840,
Jul-1994,1942942,226822,15917,31916,38457,,55134,434335,3440,128736,5365,10618,155458,9813,597196,29370,14722,89362,
Aug-1994,1970795,243652,15953,31971,39010,,53046,435920,3797,134315,5271,10621,155505,9830,595742,30013,15198,96092,
Sep-1994,1877710,237312,15683,31536,39176,,49506,411131,3970,130437,4982,10472,153321,9663,563076,28336,15077,87603,
Oct-1994,1981888,277488,16785,34118,40396,,56586,428858,4512,135442,5325,11406,167006,10353,568696,28414,15588,90935,
Nov-1994,2035684,290954,16856,34242,39810,,62930,462108,4533,136403,5086,11428,167314,10401,569968,27656,14579,89240,
Dec-1994,2115634,306660,17648,35834,39922,,69654,490877,4698,141061,4984,11967,175216,10895,583419,27683,16338,90636,
Jan-1995,2043131,293221,17078,33825,49002,,64385,441789,4965,135680,4914,11206,160707,9693,576206,27546,16512,100479,
Feb-1995,1821998,262194,15305,30198,43073,,60800,390626,4316,126422,4461,10008,143517,8684,522018,25887,15832,83712,
Mar-1995,2025808,295252,16621,32666,47698,,59543,421704,4752,138319,5009,10783,154640,9421,585078,29521,15983,94527,
Apr-1995,1944500,271958,15908,31282,46006,,59716,415676,4417,132959,4730,10342,148305,9050,568598,28400,14892,94125,
May-1995,1996735,274472,16140,31606,46753,,61806,437500,4186,139198,4857,10416,149369,9181,586032,26636,15058,90777,
Jun-1995,1910423,246902,15496,30358,44730,,58845,416802,3459,131949,4770,9996,143346,8825,572868,21539,15228,87016,
Jul-1995,1960252,246629,15913,30907,44123,,59992,437583,3537,133592,4333,10151,145565,9039,591609,23180,14919,91052,
Aug-1995,1964637,266320,15950,30960,44199,,58610,425397,3619,139356,4854,10154,145609,9054,587481,23550,15401,89264,
Sep-1995,1914391,258532,15680,30538,42633,,53901,427136,3777,135269,4711,10011,143565,8901,565874,23892,15278,87351,
Oct-1995,1988496,303310,16781,33039,46478,,58902,406366,4395,140567,4828,10905,156378,9537,570649,22666,15796,94532,
Nov-1995,2045375,317059,16852,33159,46491,,60856,457137,4610,141362,4579,10925,156667,9580,566785,23901,14774,92177,
Dec-1995,2127881,334056,17644,34701,38446,,66034,485064,4731,146204,4628,11441,164066,10035,579458,26516,16557,95100,
Jan-1996,2049073,301376,18900,30585,49685,,63226,440515,4542,145243,4748,10578,143693,11975,591346,25848,15059,96026,
Feb-1996,1937875,285293,18334,32408,46512,,62932,415699,4310,135363,4307,9447,139115,10694,557318,23523,14439,89928,
Mar-1996,2051442,302965,20252,34454,48779,,63277,449686,4483,147918,4643,10179,131701,11523,600145,24135,14577,95032,
Apr-1996,2000697,276137,18186,33677,46246,,61100,439158,4144,142006,4541,9762,147949,11051,574777,23060,13581,91283,
May-1996,2022455,253591,17518,33599,47900,,62441,454603,4295,148834,4757,9832,149425,11130,603819,23810,13732,89066,
Jun-1996,1959001,262958,17606,32733,46151,,56542,438611,3530,141155,4542,9435,143675,10681,578686,22613,13887,80609,
Jul-1996,2007073,256519,18100,34174,46549,,57322,453464,3673,134102,4622,9581,146451,10847,602948,22433,13606,92427,
Aug-1996,2025372,267370,18430,33866,52240,,55363,458064,4116,136002,4714,9584,148463,10850,598966,23031,14046,92084,
Sep-1996,1966704,272968,18695,32879,46296,,55784,443910,4237,130724,4740,9450,143302,10698,576586,22981,13934,87556,
Oct-1996,2030248,296292,18930,33999,51394,,57819,439902,4744,132363,4819,10293,150322,11652,594202,23541,14406,91981,
Nov-1996,2008920,292599,19895,33437,50936,,58692,448707,4593,133227,4658,10312,146828,11674,572473,23295,13474,90730,
Dec-1996,2054700,305514,19600,34199,51328,,61133,469079,5001,137741,4627,10799,143965,12225,576936,22938,15099,93827,
Jan-1997,2080127,301992,19915,32765,53471,432713,60361,134821,4727,148541,4297,10311,144608,7096,491269,24341,15274,95958,
Feb-1997,1897202,285923,17069,29858,49142,396681,55425,121713,4516,135836,4255,9208,134455,6337,448008,21645,14645,88468,
Mar-1997,2094342,303621,18342,33632,54712,438926,60261,134833,4913,151128,4754,9922,147098,6828,500813,23638,14785,98154,
Apr-1997,1984535,276753,17416,32520,53181,423131,58515,126882,4722,145694,4650,9516,136246,6549,479991,20569,13775,99348,
May-1997,2032294,254173,17196,32924,53216,435592,61828,129539,4632,149841,4847,9584,142336,6596,492955,22604,13929,97753,
Jun-1997,1943561,263530,16715,32687,51520,426888,60159,118560,3896,138457,4666,9197,138038,6330,469493,21261,14086,89491,
Jul-1997,2011169,257063,16863,34216,53741,434325,58392,122768,4191,145057,4696,9340,144769,6428,485521,23140,13801,97342,
Aug-1997,2013271,267980,17155,34101,54767,439712,62081,124649,4310,147409,4810,9343,147528,6430,483226,22268,14247,94033,
Sep-1997,1979180,273595,16441,33090,53540,428689,49792,120825,4251,142143,4755,9211,150488,6339,467310,23171,14133,97832,
Oct-1997,2056810,296925,17769,34063,55061,440668,53961,135874,3273,147896,4850,10034,145054,6905,479632,24243,14612,99080,
Nov-1997,1999185,293241,17253,33792,56446,425849,54299,132006,4897,134022,4765,10052,135537,6918,465642,23938,13666,96290,
Dec-1997,2043797,306153,18654,34003,57927,441756,53980,135532,5291,131445,4949,10527,137731,7245,465743,24103,15315,99364,
Jan-1998,2103350,301837,17907,34320,58198,443757,53181,135584,5159,142541,4935,10208,158138,11560,493460,22781,15960,100342,
Feb-1998,1890587,285739,15344,29705,53709,398519,48832,125182,4823,130346,4344,9116,129803,10323,449886,22494,15303,91826,
Mar-1998,2097816,303437,16473,33367,59644,448486,53093,136311,5158,145024,4683,9823,140812,11123,495307,24410,15449,100054,
Apr-1998,2009141,276571,15675,31131,58382,438144,51554,134472,4970,139798,4694,9421,138606,10668,481373,24247,14393,95700,
May-1998,2053427,253993,15471,33413,58778,457815,54474,137603,5115,143773,4952,9488,147808,10744,494995,26208,14554,91932,
Jun-1998,1988362,263368,15033,32046,56504,435237,53003,133592,4549,132833,4768,9106,138309,10311,478404,25169,14718,93484,
Jul-1998,2017746,256916,15141,34472,58585,439093,51446,134688,4824,139174,4900,9246,137825,10470,494102,25380,14420,95647,
Aug-1998,2037306,267793,15432,34254,59309,443144,54188,133875,4736,141431,4976,9249,140044,10474,498769,26349,14886,97203,
Sep-1998,1883936,273401,14803,33305,57691,336241,43550,122499,4891,136380,4750,9119,137263,10327,476492,23834,14767,96535,
Oct-1998,2029621,296751,16002,34760,61637,421315,47195,123298,5046,141911,4943,9933,135641,11248,489829,26100,15268,101880,
Nov-1998,1972556,293056,15555,33382,60275,414058,47491,128045,5050,128573,4814,9952,136940,11269,473462,25344,14280,99308,
Dec-1998,2024280,305985,16873,33415,62098,434518,47212,134286,5187,126140,4855,10422,128176,11801,472814,24949,16003,97535,
Jan-1999,2065702,300298,17794,37286,60952,436171,52341,137715,5288,143211,4644,9714,136464,15497,478317,24990,15606,105643,
Feb-1999,1873657,284328,14696,32271,62515,395293,43919,127263,4826,129331,4132,8675,122201,13839,433196,22657,14964,94906,
Mar-1999,2064381,301925,15655,36281,59758,435012,47418,138223,5296,142476,4478,9347,134867,14912,472583,24914,15107,104105,
Apr-1999,1959557,275211,14429,33817,58182,424724,46029,136238,4946,139358,4510,8964,125888,14301,456627,23369,14075,99404,
May-1999,1975317,252760,14696,36327,61727,432489,46272,138504,5119,138889,4554,9029,127160,14403,470432,23940,14232,96558,
Jun-1999,1937399,262059,13519,34789,58777,414495,46578,134742,4730,139067,4548,8664,127425,13823,455141,23186,14392,95251,
Jul-1999,1982772,255626,13607,37500,60440,431981,46379,136010,5182,141716,4816,8799,133654,14037,470415,22676,14101,98348,
Aug-1999,1986161,266489,13909,37276,60904,424513,46027,135563,5128,144769,4857,8801,144298,14041,466628,22316,14556,96605,
Sep-1999,1936842,272074,14011,36252,58837,408237,44413,124225,5031,138053,4670,8678,131722,13844,456559,21058,14440,98372,
Oct-1999,2017247,295266,14487,37828,62162,421312,45465,125085,5310,144770,4845,9452,140024,15079,475101,22897,14930,104438,
Nov-1999,1982844,291605,14450,36306,60879,409660,44214,129555,5053,141471,4741,9470,136279,15107,464336,22295,13964,98388,
Dec-1999,2040832,304440,15906,36281,64804,419049,45864,135790,5635,130705,4840,9917,134021,15821,475616,22667,15649,108219,
Jan-2000,2055436,315154,16208,36084,65691,411264,49722,123121,6047,146926,4815,9325,140183,13306,477074,22937,23420,111947,
Feb-2000,1908564,298493,14415,31245,60729,385685,41722,114912,5519,139217,4339,8327,125741,11882,446976,21419,22456,103252,
Mar-2000,2075453,316937,15146,35160,64998,418062,45045,125909,6057,148185,4522,8973,140811,12803,483371,22799,22670,109568,
Apr-2000,1957991,288934,13532,33006,61643,398966,43726,121745,5659,138538,4520,8605,132697,12279,469231,22606,21121,107014,
May-2000,2001347,265398,13468,35119,65743,413434,43957,125549,5857,145021,4805,8667,136652,12367,485579,23625,21357,110159,
Jun-2000,1964009,275096,13289,33824,59775,405362,44247,122373,5413,139215,4598,8318,136693,11868,474129,23075,21598,106683,
Jul-2000,2017945,268314,13825,36234,63142,422701,44058,124581,5932,143622,4802,8446,138946,12052,487588,23625,21161,110177,
Aug-2000,2038022,279806,13899,36037,64940,423114,43724,126663,5870,141800,4652,8449,139930,12055,486617,23742,21844,111084,
Sep-2000,1987026,285676,13820,35056,62891,411610,42191,123359,5758,141239,4630,8330,132330,11886,470499,23753,21670,109050,
Oct-2000,2097748,309932,14683,36587,64226,428272,43190,129791,6077,145083,4831,9074,145745,12947,485947,24219,22404,116432,
Nov-2000,1999721,306123,14359,35219,63620,415005,42001,121829,5784,139528,4497,9090,119411,12971,468245,23613,20955,111997,
Dec-2000,2070613,319531,15210,35295,62814,434219,43569,124697,6450,145332,4778,9520,123749,13584,487664,25704,23483,118679,
Jan-2001,2096948,306284,15756,35716,69592,434184,45411,127093,7023,145577,4795,8880,133934,11607,485693,25331,17014,135988,
Feb-2001,1910051,289865,14015,30911,63167,398663,38104,118448,6411,133469,4267,7930,122434,10366,439867,23275,16313,123469,
Mar-2001,2116381,307842,14730,34805,68499,439076,41140,131935,7036,146739,4831,8545,138604,11169,486946,26055,16469,139081,
Apr-2001,2028145,280553,13172,32572,64677,435345,39934,127616,6573,142248,4827,8195,136210,10711,471990,25441,15344,133725,
May-2001,2070749,257620,13114,34816,66433,441501,40146,132447,6804,145163,5077,8253,145606,10788,489892,25466,15515,133920,
Jun-2001,1993266,267186,12936,33417,67164,417857,40411,125951,6288,135907,4626,7921,135712,10353,476276,24687,15690,132069,
Jul-2001,2041970,260665,13460,35950,66719,434635,40238,130298,6890,144913,4947,8043,136425,10514,488999,25030,15373,136519,
Aug-2001,2056737,271625,13517,35774,70828,419998,39933,130054,6818,147000,5044,8046,138939,10517,489080,25075,15869,137173,
Sep-2001,2009185,277306,13462,34800,69324,418958,38533,124175,6689,140386,4759,7933,133915,10369,475459,24361,15742,136979,
Oct-2001,2097034,301072,14305,36313,71979,419260,39445,126409,7059,145150,4849,8641,137551,11294,492077,25618,16276,145922,
Nov-2001,2006035,297295,13980,34898,71281,396367,38360,124609,6718,141138,4936,8657,121359,11315,470340,25439,15223,140303,
Dec-2001,2074278,310466,14788,34867,75715,410171,39791,125638,7492,144701,5029,9065,134696,11850,485829,25642,17060,139839,
Jan-2002,2057728,310698,14059,34174,75985,383809,39863,119784,7420,143639,5000,9150,135501,13997,482448,25333,16869,143935,
Feb-2002,1858737,294068,12429,29571,70753,345197,35543,110272,6773,130628,4513,8172,118989,12500,435128,23160,16174,133229,
Mar-2002,2061811,312299,13614,33286,78835,389496,39574,119986,7434,143178,4937,8805,132421,13469,482526,25369,16328,143972,
Apr-2002,1978245,284625,13233,31130,74312,392340,38471,115859,6944,135838,4870,8444,132801,12917,467486,24023,15213,141279,
May-2002,2027979,261368,13954,33331,79287,408474,39562,121162,7188,141475,5169,8505,135747,13010,482110,24786,15382,146680,
Jun-2002,1969276,271056,13033,31977,75819,398477,38892,119114,6643,132358,4878,8162,126986,12485,467132,23766,15556,141519,
Jul-2002,2036905,264432,13697,34422,78466,413392,39135,120274,7279,140005,5040,8288,134161,12679,483971,24136,15241,145857,
Aug-2002,2018574,275574,13662,34264,81160,411800,38915,117100,7203,138856,5132,8291,133399,12682,481689,24631,15734,139480,
Sep-2002,1922715,281340,13326,33325,79250,339794,36341,108883,7067,135425,5536,8174,136233,12504,463075,23067,15608,142359,
Oct-2002,1976488,305426,13747,34775,84897,316395,37194,103964,7458,140978,5097,8904,136571,13620,478697,25136,16137,151129,
Nov-2002,1979436,301604,13462,33407,80191,366864,35864,111570,7098,135553,4849,8920,128824,13645,460797,24473,15093,155799,
Dec-2002,2053385,314949,13907,33361,86704,381589,36778,114494,7916,137974,4957,9342,129974,14290,475945,25183,16914,162236,
Jan-2003,2056766,319684,14417,32680,86914,381172,36708,116475,7550,134375,4821,8305,126173,14177,474682,24589,16645,161160,
Feb-2003,1880691,302602,13150,29325,78600,350913,32730,107306,6693,123955,4305,7419,115436,12661,432716,22486,15959,145025,
Mar-2003,2104114,321353,13977,32170,86212,398140,36441,121045,7247,141622,4757,7992,135222,13642,490445,24850,16112,159737,
Apr-2003,2007565,292889,13808,30642,83280,388074,35426,117071,6965,133135,4502,7666,135370,13083,471950,23698,15011,151054,
May-2003,2016922,268967,14455,32509,86321,393109,36430,119967,6938,138228,4688,7720,129062,13177,492743,24123,15178,143494,
Jun-2003,1970130,278917,13953,31001,83389,370801,35813,115378,6938,130816,4776,7410,131943,12646,476846,23547,15350,146507,
Jul-2003,1991705,272093,14482,31564,85782,363173,36038,117376,7099,137610,4918,7524,129231,12841,496673,23100,15039,149798,
Aug-2003,2033633,283583,14489,30235,87498,377014,35835,118298,7202,137408,4927,7526,136173,12845,496449,23666,15525,151081,
Sep-2003,1976511,289519,14068,29534,85862,356722,33464,112239,7064,134151,4965,7421,120935,12665,482398,23139,15401,150603,
Oct-2003,2057161,314278,14184,29736,89121,365170,34250,116426,7497,138016,5009,8082,134657,13795,496195,23918,15923,159381,
Nov-2003,1977961,310354,13850,29256,86075,346264,33025,110067,7351,132111,5044,8097,130438,13821,479265,23150,14893,155165,
Dec-2003,2045819,324067,15121,29788,82239,356796,33867,106482,7888,134751,5174,8478,133515,14474,500962,24094,16690,163110,
Jan-2004,2062805,325581,15728,30913,94099,359035,34800,111364,7810,138867,5154,8025,139607,17486,482037,23401,17486,160806,
Feb-2004,1920843,308161,14962,27735,86243,337697,31028,106101,7370,128049,4688,7168,130851,16766,450702,22660,16766,151438,
Mar-2004,2076537,327264,15362,30426,93106,368940,34547,115588,7977,137370,5076,7722,134860,16926,483107,24079,16926,162688,
Apr-2004,1995315,298266,14584,28962,89387,355585,33585,113393,7714,133898,4709,7406,137976,15770,470009,23481,15770,157368,
May-2004,2001333,273897,15583,30772,92458,360669,34537,117347,8195,136811,4588,7459,135587,15946,485909,24418,15946,162185,
Jun-2004,1965797,284045,15270,29353,89521,336707,33952,114024,7960,131917,4427,7159,138480,16126,469302,23853,16126,156687,
Jul-2004,2019157,277103,15776,29911,91552,354323,34165,118372,8125,141334,4601,7270,140710,15799,487375,23904,15799,162410,
Aug-2004,2016570,288784,15752,28646,90088,347930,33973,119691,8217,141929,4693,7272,136376,16310,485646,23767,16310,164278,
Sep-2004,1909243,294827,15194,27976,89762,272780,31725,111228,8077,137936,4787,7170,144521,16180,471271,24230,16180,157001,
Oct-2004,2009174,320061,16503,28163,93001,297369,32470,118631,8511,141263,4913,7809,139178,16728,489866,25964,16728,166566,
Nov-2004,1969226,316057,16102,27707,90494,306517,31309,116124,8681,136970,4821,7823,140032,15646,473970,24838,15646,161728,
Dec-2004,2023680,330038,16494,28263,89912,303133,32107,115431,9201,138395,4876,8192,137593,17534,484725,25990,17534,165884,
Jan-2005,2035036,325519,16164,31212,98007,310146,33057,113614,8937,143812,4708,7408,138342,14940,493037,25024,17878,165465,
Feb-2005,1870546,308059,14706,28005,88255,287094,29474,104459,8267,128431,4327,6617,127685,14325,452513,23133,16780,151690,
Mar-2005,2080504,327167,16332,30746,97165,323892,32817,117362,9030,139153,4928,7129,145351,14462,510064,25873,18192,166470,
Apr-2005,1979474,298161,15517,29284,93600,313344,31902,114686,8641,137185,4661,6837,136580,13474,494121,25380,17191,158935,
May-2005,2010625,273786,15964,31061,97568,329586,32807,118551,8927,141254,4739,6886,140691,13624,506138,26322,18484,166154,
Jun-2005,1972975,283958,15466,29617,94283,310887,32251,114275,8641,134444,4588,6609,135050,13778,490319,25637,18118,161395,
Jul-2005,1984143,277031,16072,30164,96496,295265,32453,116505,8968,140540,4619,6711,134156,13499,511900,25853,18424,168517,
Aug-2005,1988105,288670,16237,28890,97654,277113,32271,112148,9157,141018,4697,6713,141103,13935,517106,25837,19884,171957,
Sep-2005,1766603,294707,15437,28216,95365,139762,30136,87392,9096,136983,4515,6619,130351,13824,480599,26204,18476,167713,
Oct-2005,1871190,319974,16574,28417,99023,134985,30843,96089,9606,143240,4771,7209,137950,14292,519193,27767,18918,173643,
Nov-2005,1901758,315956,16058,27966,95741,195597,29741,104307,9552,135427,4634,7222,136648,13368,508396,27147,18963,175498,
Dec-2005,1995862,329961,16248,28466,90827,233147,30499,110526,9732,135363,4717,7562,135403,14981,523453,27816,19801,176388,
Jan-2006,1975168,286557,18600,30952,103662,245725,32513,113127,9830,136587,4909,7655,136766,15601,527796,28479,18236,174333,
Feb-2006,1794241,271070,16996,27785,93997,214905,28989,103239,8773,123708,4331,6839,124368,14958,474652,26069,17116,157822,
Mar-2006,1994464,287919,19815,30563,103540,240816,32277,117030,9725,138270,4969,7367,138621,15101,531371,29184,18556,175631,
Apr-2006,1908987,262346,19623,29017,99408,239564,31378,113145,9220,131803,4946,7066,136890,14070,516597,28351,17535,168403,
May-2006,1956520,240858,21106,30644,103078,257004,32267,118471,9555,137327,5178,7117,141567,14226,536217,29536,18853,170336,
Jun-2006,1938796,249885,21531,29272,99375,248874,31721,115738,9096,133693,5077,6831,142795,14387,517015,28683,18480,169672,
Jul-2006,1975235,243823,22697,29833,102279,257355,31919,117446,9503,138349,5281,6936,145708,14096,535468,29379,18792,180522,
Aug-2006,1989430,253961,24011,28649,104063,251758,31740,117321,9579,138431,5393,6938,144574,14551,538636,30589,20282,177627,
Sep-2006,1946109,259264,24250,28026,99856,239748,29640,114310,9276,135143,5470,6841,141651,14435,527240,30314,18845,169750,
Oct-2006,2025782,281606,26530,28420,104779,243308,30336,117757,9669,138675,5780,7449,147171,14924,544147,31712,19296,187948,
Nov-2006,1974331,278030,26979,27800,101083,236828,29251,113584,9603,133419,5561,7463,141960,13959,529244,31386,19342,184910,
Dec-2006,2055955,290431,28606,28178,99275,238246,29997,117068,10208,134122,5891,7814,146915,15643,548050,32638,20197,194811,
Jan-2007,2042882,310601,18480,30113,104697,236459,32061,115248,10239,130232,5793,7813,143652,16162,544531,30916,19128,192064,
Feb-2007,1878003,294268,16898,27029,94018,215086,28586,102823,9202,119013,5272,6980,135801,15496,505229,29404,17223,169132,
Mar-2007,2094555,312427,19708,29707,105291,239968,31829,116240,10053,132893,5743,7519,155580,15644,573789,33885,18887,190607,
Apr-2007,1994942,284857,19519,28270,104247,233583,30941,113812,9597,128187,5679,7212,143347,14575,556461,32948,18577,182796,
May-2007,2066642,261684,21065,29860,107323,243577,31819,119834,10158,134704,5915,7263,154356,14738,582952,34917,19393,187427,
Jun-2007,2019862,271187,21501,28500,104550,230158,31280,116256,9900,130244,5813,6971,147494,14904,572406,32497,18926,182543,
Jul-2007,2053286,264475,22656,29012,107792,232203,31476,119947,10070,134006,6080,7079,151953,14603,592865,33816,19676,188928,
Aug-2007,2076235,275882,23986,27834,105171,229259,31299,116535,10275,130726,6310,7081,152632,15074,602354,34031,19490,191549,
Sep-2007,2040241,281678,24311,27208,108523,222287,29228,113524,10043,130876,6062,6982,146768,14954,586933,29516,19858,185282,
Oct-2007,2122193,305507,26687,27512,107143,239307,29914,117465,10347,132805,6285,7603,153292,15461,612401,27891,19471,187463,
Nov-2007,2098602,301783,26984,26979,106292,233331,28845,113552,10195,127857,6195,7617,147270,14460,602629,31701,20197,195369,
Dec-2007,2176213,314942,28621,27366,99483,257979,29581,117592,10496,123906,5650,7976,151537,16205,628308,33839,20359,204723,
Jan-2008,2155041,304829,29127,29542,114928,242267,31513,117716,10347,118409,6468,7525,155550,17582,627482,33860,20532,200553,
Feb-2008,2043801,288924,29137,26515,105694,229553,29798,109944,9576,114795,6012,6723,149163,16858,597775,32759,19590,186632,
Mar-2008,2204088,306717,33029,29147,114051,240471,31987,118418,10290,127968,6659,7242,157287,17019,648430,35603,20545,208374,
Apr-2008,2112605,279700,33110,27741,116999,210306,30733,115563,9922,124722,6635,6947,156231,15856,631977,35552,19860,203024,
May-2008,2153316,256989,35399,29309,114903,209626,30356,121942,10130,129281,7192,6996,161657,16033,663122,37061,20394,209903,
Jun-2008,2118791,266239,35871,27969,107291,220165,30722,119677,9685,119265,7303,6715,157235,16214,643388,35952,20092,205171,
Jul-2008,2205260,259613,38935,28475,118841,231494,32049,124245,10058,129551,7529,6819,162948,15886,667954,37209,20886,215127,
Aug-2008,2193566,270923,40692,27312,125735,212921,32027,120788,10150,126863,7718,6821,151791,16399,675080,39587,21025,211892,
Sep-2008,1919520,276623,39472,26694,121460,62990,30949,88802,9899,122067,7798,6726,156729,16268,613057,38268,19722,193415,
Oct-2008,2153389,299905,42630,26983,119659,135398,31805,115261,10215,129203,8276,7323,158912,16819,680384,38465,21450,214192,
Nov-2008,2149851,296291,42648,26474,119334,158925,32746,117492,9768,122342,8082,7337,154350,15731,666544,38259,20426,213791,
Dec-2008,2227028,309129,47033,26857,123949,175838,30629,117875,9361,122657,7516,7682,164858,17629,685464,39023,20360,226193,
Jan-2009,2251938,295518,49758,27163,134235,196895,31267,118703,9424,123015,7481,7876,164993,24283,688552,39458,21061,219076,
Feb-2009,2074167,280183,45544,24379,121877,185793,28499,109909,8711,113770,6809,7038,152117,23283,616709,36094,19451,202162,
Mar-2009,2262488,297412,52045,26796,133241,208497,30800,122170,9457,124573,7582,7581,163122,23505,682231,40307,22066,221172,
Apr-2009,2147856,271249,53214,25488,127142,196512,29522,121029,9046,119366,7512,7272,156212,21899,648991,38348,21730,210834,
May-2009,2190437,249253,56291,26953,131557,204774,30807,127683,9199,122767,7662,7324,165061,22143,660419,38887,22662,215655,
Jun-2009,2140519,258168,56324,25717,124461,212642,29285,124019,8761,115705,7472,7030,159940,22393,631752,36531,22059,210893,
Jul-2009,2170032,251719,57001,26195,128575,225441,29507,130835,8857,119758,7989,7138,164072,21940,643938,37947,22735,199831,
Aug-2009,2192597,262761,63456,25123,127229,212595,30547,135833,8723,121749,8144,7140,162459,22649,641865,37879,22959,209135,
Sep-2009,2089220,268296,47134,24557,120960,201837,29170,133433,8356,114531,7789,7041,152265,22468,609103,35349,22536,193832,
Oct-2009,2197157,290795,62862,24816,123544,208583,29535,143081,8521,121329,7911,7665,156712,23230,619859,37047,23046,217322,
Nov-2009,2144157,287319,66510,24356,120737,191303,28530,144016,8054,115961,8016,7679,152003,21727,596585,36077,22253,217666,
Dec-2009,2196325,299712,70474,24719,118095,199232,27924,147928,8142,112698,8122,8040,152600,24348,613644,35586,21878,218757,
Jan-2010,2210163,291072,70156,28350,131228,203379,28002,152826,8219,112544,7814,6926,152372,22711,624461,35525,21761,219280,
Feb-2010,2047815,275764,64254,25444,121796,188967,25838,145398,7382,102194,7615,6191,139331,20513,573500,32728,19902,198572,
Mar-2010,2276546,308943,72554,27936,133135,210438,28241,166938,8275,112529,8641,6667,155158,22711,646044,36825,21939,220397,
Apr-2010,2190270,273205,73514,26497,126586,195203,27206,167559,7949,110630,8474,6396,151714,38523,616784,36700,21408,212610,
May-2010,2236507,248272,76587,28095,133483,193933,25184,177864,8016,114795,9357,6441,156961,39808,647486,38268,22221,215448,
Jun-2010,2138770,229973,75514,26837,130122,179643,27060,182004,7740,107060,9163,6184,152018,38523,617943,36489,21823,199289,
Jul-2010,2208753,205881,80044,27384,135138,180332,27157,194705,7925,115411,10035,6279,156006,55148,641064,37133,22609,210313,
Aug-2010,2235038,204385,82458,26275,140198,191112,28019,198850,7788,115470,10246,6280,154497,55148,644854,37199,22617,214179,
Sep-2010,2238147,264277,80571,25699,138014,178304,26713,198646,7530,111410,10290,6193,150106,53369,629495,35997,22145,203575,
Oct-2010,2356947,292695,83883,25997,140351,184571,27878,202789,7710,112753,10791,6741,155341,76303,650192,37426,23288,209124,
Nov-2010,2276710,286007,81485,25459,124833,171709,26836,206009,7424,110813,10798,6754,148782,73842,639682,35367,22618,204627,
Dec-2010,2400418,316628,86459,25920,134782,181553,27456,224695,7307,115865,10643,7070,155041,76303,662192,37228,22843,207243,
Jan-2011,2299298,237565,81447,24738,134247,180251,27048,225461,7089,104641,10533,6993,154940,84273,654508,36033,27393,202755,
Feb-2011,2104330,273308,74595,22850,124399,153482,23454,209428,6255,91915,9580,6248,134729,76117,566060,33745,26177,180179,
Mar-2011,2410884,303814,84231,24492,133924,169831,26834,247332,6855,112997,11152,6730,156113,84273,671291,38358,30256,201634,
Apr-2011,2349720,285567,85346,23872,130340,162198,26185,243437,6631,107374,10775,6456,153290,95355,649803,38076,30468,196715,
May-2011,2410866,269313,88913,24056,140289,164039,26731,256630,6804,111358,11298,6502,157702,98533,681055,39978,31924,199135,
Jun-2011,2312943,248460,92641,23282,132825,150882,25764,244891,6503,106751,11912,6240,155906,95355,650315,38606,32349,195465,
Jul-2011,2340293,187004,87954,23462,139119,148861,26192,258677,6747,111354,13454,6337,160759,114248,674134,40104,35183,204154,
Aug-2011,2370440,210589,95730,23174,144717,151602,26350,267757,6722,111549,14457,6339,162650,114248,675452,40239,34666,186588,
Sep-2011,2358169,261782,93540,22032,137326,124788,25506,263916,6741,107705,14745,6250,160192,110562,662813,38589,36341,193202,
Oct-2011,2502387,273553,97384,22144,146801,143082,25981,275177,6543,109980,15973,6806,165386,147462,688418,39893,36585,206903,
Nov-2011,2475947,302617,94600,22327,140137,138426,24980,271659,6231,105181,16030,6818,160659,142705,671278,38777,35143,204650,
Dec-2011,2543747,309351,100375,22703,145182,143471,24927,276158,6385,106877,17115,7139,166546,147462,689562,39108,37641,203921,
Jan-2012,2571350,318136,95833,21234,157369,141312,25015,266018,6258,110077,17725,7156,166091,170613,681421,39935,41446,204812,
Feb-2012,2360061,289432,85648,20222,134322,130558,23351,236070,5872,103046,17013,6694,154129,159605,634810,38809,39295,185900,
Mar-2012,2524260,308116,95824,19306,146938,142800,25146,251175,6129,108910,19214,7156,164445,170613,678951,41576,40921,199131,
Apr-2012,2417498,273796,93751,19900,140560,133745,24273,239808,5838,104389,19226,6925,162917,165109,664799,40163,40445,188455,
May-2012,2490707,281220,95914,21417,146598,130695,25236,250093,5706,107907,21030,7156,171409,170613,686978,41799,44374,191890,
Jun-2012,2376776,251530,92918,20141,137870,118012,24570,249264,4996,102219,21016,6925,164217,165109,663706,40899,42914,184069,
Jul-2012,2465064,205735,95758,20776,143115,128147,25172,259293,5336,108560,22304,7156,171740,211446,693764,42466,43972,186352,
Aug-2012,2373954,124711,98362,21307,141487,110373,25046,254498,5451,108130,23614,7156,174192,211446,700065,41947,47203,184769,
Sep-2012,2410375,229966,96053,19982,138354,111143,24212,242246,5364,103783,23913,6925,169110,204625,677522,41247,46122,177719,
Oct-2012,2557140,289581,99575,21852,144601,127214,25160,246800,5387,110757,24752,7156,175885,211446,698080,42618,51276,178047,
Nov-2012,2471365,288120,97043,19642,137882,125639,24366,229323,5271,104643,23445,6925,173271,204625,673854,39526,50463,174828,
Dec-2012,2523763,304448,99491,21044,140280,128238,24753,230850,5346,103875,25315,7156,176055,211446,689560,39408,51430,169651,
Jan-2013,2512031,305219,97739,20941,139303,124362,24485,229619,5276,97173,24554,8455,168513,254726,685282,38074,50931,177152,
Feb-2013,2269907,269062,86529,19402,126395,109780,21961,205065,4770,94179,23370,7636,145408,230075,627497,36251,45953,162432,
Mar-2013,2504000,293657,95219,21566,138727,118101,24403,219495,5316,105766,26236,8455,161589,254726,699110,40214,53069,180308,
Apr-2013,2446307,282015,92948,21079,134949,115853,23855,206884,5168,105367,25836,10383,168221,246509,681475,39590,53998,175392,
May-2013,2488677,261025,96878,21451,137568,114477,24750,211107,5384,106957,27899,10729,171323,254726,710595,40346,61005,173487,
Jun-2013,2385386,234298,93664,20914,129725,104271,23854,199884,5465,104508,28004,10383,162331,246509,690189,38847,63756,172383,
Jul-2013,2512441,241910,96471,21727,136315,110013,24912,201351,5536,108535,30134,16929,169096,298505,713513,40281,66696,172513,
Aug-2013,2495089,231276,97267,21793,136172,104060,26791,192448,5446,109350,31247,16929,169475,298505,714752,40917,69028,171412,
Sep-2013,2414405,247528,93665,21009,124027,108728,24429,177087,5228,103623,31972,16383,164524,288876,690301,39732,66489,155031,
Oct-2013,2513172,261350,98343,21095,138280,102124,25298,175836,5527,109097,33242,20128,170165,298505,713550,40521,67929,174006,
Nov-2013,2455169,280048,95147,20459,134090,108102,23842,170909,5159,101117,32558,19479,161583,288876,680447,38561,70659,168000,
Dec-2013,2525967,307970,95784,20874,129308,106827,23888,177258,4969,101722,30737,20128,181525,298505,692762,37531,72342,165639,
Jan-2014,2580019,306344,94869,21579,135607,102309,23815,174225,5075,104379,31460,28245,169541,348235,696202,38856,73914,171228,
Feb-2014,2356978,270272,86784,19426,122421,95596,20985,157443,4542,95316,29785,25512,172102,314535,630948,35555,71648,154960,
Mar-2014,2623914,298987,96520,20663,138073,105440,23774,173509,5045,107588,33785,28245,181183,348235,714833,39594,82080,172228,
Apr-2014,2583873,277210,93375,20004,135652,106362,23366,165060,4922,104517,34177,34153,210833,337002,706789,38591,79244,162724,
May-2014,2633253,262449,96739,20559,140897,111475,24361,172182,5100,105505,37055,35291,189050,348235,737479,39495,84312,168442,
Jun-2014,2560033,252462,92022,19139,134887,107406,23521,166782,4972,104200,37621,34153,189852,337002,718128,38276,83597,164161,
Jul-2014,2629156,195169,95474,19704,137404,109951,24540,165132,5051,108509,40126,49449,205705,374771,744321,39069,92609,168593,
Aug-2014,2644937,190335,94382,19778,142911,110811,24747,161519,5010,109888,41826,49449,216406,374771,750316,38583,95588,164792,
Sep-2014,2625503,259855,92090,18945,135489,106522,24182,160478,4772,104213,42687,47854,195150,362682,719501,36758,96856,165309,
Oct-2014,2735719,271472,94412,19834,142845,110725,25030,162334,4917,107653,44551,60659,202957,374771,749286,37217,101552,171773,
Nov-2014,2661917,282350,92488,19365,136375,101778,23923,158040,4641,105856,43146,58702,196620,362682,726287,35868,98013,164726,
Dec-2014,2770080,301640,93578,19993,140925,107362,24236,151915,5112,108754,46996,60659,201686,374771,765097,36681,107701,169569,
Jan-2015,2790052,291928,90125,21912,140869,107681,27172,153547,5016,103336,45741,67682,206817,408019,741599,37062,110271,178061,
Feb-2015,2520509,254488,78244,20022,129576,95373,24407,141691,4577,97979,41448,61132,186741,370836,681889,33962,99105,151128,
Mar-2015,2827524,299987,88895,21299,143078,96915,26629,157397,5016,110018,47329,67682,216067,413155,758560,39205,113858,170497,
Apr-2015,2758730,284701,87268,20597,138665,108387,23219,153429,4865,107823,46025,77407,209983,392752,737351,37609,111323,167277,
May-2015,2790849,261374,89391,21197,141803,112773,23808,157008,5022,112030,50375,79988,214639,391332,754727,38022,118474,167304,
Jun-2015,2660158,223007,84124,19568,138658,106744,22962,145892,4819,107761,49649,77407,211079,376856,728514,36200,111890,164163,
Jul-2015,2756222,221334,85281,19225,141637,118085,23434,152212,5037,109801,51399,87799,217883,401777,754259,36152,111602,167442,
Aug-2015,2744748,204070,83696,19466,145033,120511,23490,151668,4883,113047,50978,87799,213529,409771,749458,32688,114734,168011,
Sep-2015,2721449,261160,81253,18394,138475,117390,22510,150117,4711,110716,48122,84966,204298,398110,725565,30658,111675,163194,
Oct-2015,2806078,279437,82974,18535,146290,112082,23066,151997,4914,113223,51373,106279,209342,407234,739568,31148,108349,168674,
Nov-2015,2726220,289760,78977,18003,141028,102391,21731,146069,4677,108782,50340,102851,201517,409344,709572,30470,97462,163878,
Dec-2015,2812110,304055,80153,18431,143621,109310,21757,152205,4703,102277,51854,106279,207703,433795,718403,33843,106504,166291,
Jan-2016,2823104,298815,77592,18222,144485,106127,21498,154113,4611,99998,50905,116293,214000,442434,709938,33692,116943,163388,
Feb-2016,2653842,273298,71658,16831,133847,98287,20005,146013,4307,98407,49040,108791,201258,426244,666642,30756,109571,151068,
Mar-2016,2824983,295235,74247,17699,142980,108380,21399,153587,4587,109588,53093,116293,214561,444309,708832,32961,113695,164016,
Apr-2016,2678610,246130,70504,16358,139228,98939,20338,154360,4416,106101,48915,114315,203524,426424,681793,31448,112470,155715,
May-2016,2767844,269206,71555,18102,143542,107850,20897,151643,4508,108921,51010,118125,211836,439310,701679,31673,116018,153550,
Jun-2016,2628164,233815,67073,16791,135945,95158,20067,140782,4268,105475,49945,114315,202081,431137,678190,29730,104660,152538,
Jul-2016,2721210,239442,68009,17456,139649,101199,20594,157148,4375,109500,52657,125833,210617,440575,693378,30376,119034,143881,
Aug-2016,2722631,250381,66959,17328,142233,103424,20344,145060,4129,111476,50847,125833,211218,439910,688855,30330,121035,145537,
Sep-2016,2626213,249275,63989,16728,136568,95284,20854,145726,4166,108062,48416,121774,202202,414330,656230,28875,115466,151851,
Oct-2016,2720187,271920,65709,16891,145443,102131,19989,151308,4341,110173,53354,126599,206225,417455,675365,29216,117061,160094,
Nov-2016,2678247,294151,62826,16194,140988,99339,18898,143001,4264,107020,52901,122515,195366,431708,645281,27880,116843,152711,
Dec-2016,2746543,308524,63075,16424,143468,104539,19911,150664,4175,107945,47767,126599,195424,456371,650116,28332,121664,154274,
Jan-2017,2723628,301493,61589,16691,143061,102820,19042,160387,4145,105545,48478,131843,193927,460047,651172,27704,107493,141236,
Feb-2017,2493267,275044,55892,18768,129476,90122,17303,144038,3788,97525,48103,119084,179163,414569,603066,25048,100013,130019,
Mar-2017,2797117,308111,61289,17688,142472,103082,19101,179247,4186,110403,53894,131843,207995,459451,664360,27543,115090,144709,
Apr-2017,2689967,286963,59338,17278,136674,92264,18079,154614,4080,107227,55192,132090,203362,446734,650271,26630,113282,141143,
May-2017,2778965,286678,60578,17796,139554,96552,18493,162393,4279,113966,57609,136493,207889,457522,680017,27552,124025,141295,
Jun-2017,2688422,248829,57974,17229,136867,88369,18318,167062,4137,108031,55675,139251,203690,442640,664291,26319,124711,141289,
Jul-2017,2753997,205707,58436,19987,142713,95249,18892,166761,4263,112676,58918,159030,213003,456133,695440,26482,132398,144476,
Aug-2017,2769670,221579,58001,17558,146171,90215,18630,183437,4288,111221,60597,159030,218247,449310,678062,26413,137060,145435,
Sep-2017,2763285,255362,55441,17145,143333,85937,18000,186837,4060,111273,58407,160759,211644,442607,668604,25405,133066,142018,
Oct-2017,2911373,283192,56821,18316,150395,78298,18376,207515,4158,117303,64060,173259,226421,446747,710628,25949,139034,146958,
Nov-2017,2897003,282589,54320,16767,145706,79292,17669,209564,3983,111243,62978,167670,220016,472918,698278,24923,141574,145044,
Dec-2017,3025419,295221,54996,17235,154220,76016,17736,226850,4070,116607,64688,181007,228540,504961,715786,25243,146533,152111,
Jan-2018,2993178,296757,51300,17104,152669,76246,17473,211528,3993,117064,64383,186558,232715,506627,700310,25551,139078,150657,
Feb-2018,2751215,268600,46194,15646,136832,72839,15950,200391,3544,109041,59004,168504,212572,464245,652370,23229,128051,134640,
Mar-2018,3069284,295800,50569,17207,152030,81870,17588,230399,3895,121551,65768,186558,232965,512261,737554,26172,142753,150489,
Apr-2018,2976108,282714,50857,16605,149055,73817,17101,222905,3857,123352,67296,186180,231626,479217,721088,25026,138895,145180,
May-2018,3098558,282740,51030,17238,155675,76450,17541,239409,3942,126964,71777,192386,237362,504572,760534,25404,145816,147038,
Jun-2018,2972738,229033,48815,16709,145783,77240,16097,237437,3792,126445,69003,186180,232429,496644,744832,24610,138591,137975,
Jul-2018,3138242,234036,49419,17230,152682,89808,17258,246166,4019,133189,74479,209901,243201,531811,778000,25149,147210,142181,
Aug-2018,3206177,242875,49558,17178,158237,95580,16937,249177,4093,135785,75712,209901,247283,541144,801162,25045,151702,142891,
Sep-2018,3153978,255611,47639,16697,156291,86441,16527,241210,3951,131824,75796,203130,242771,537370,780673,24219,151037,142420,
Oct-2018,3314676,271051,49135,17181,164013,84347,16870,259915,3978,138322,79628,227137,256925,562502,809439,24375,162154,145903,
Nov-2018,3259912,290815,47258,16696,161357,88120,16068,248007,3964,134338,75723,219810,248111,554480,791390,23416,160248,139623,
Dec-2018,3391473,304681,48212,17125,168798,89946,15981,253375,4045,143110,82248,227137,257826,573960,831822,23631,166164,141900,
Jan-2019,3376735,310266,47443,16800,165971,91606,16055,259898,4160,142745,83691,213280,255006,576440,830422,23200,169050,130338,
Feb-2019,3056916,267519,42219,15513,148931,78046,14237,242578,3420,132044,73128,192640,229666,519802,762803,21043,154910,122593,
Mar-2019,3383042,285430,46211,16922,164298,93532,15820,267251,3895,149301,86896,213280,250919,578820,845431,23388,171516,130346,
Apr-2019,3315270,289532,44455,16548,161299,88575,15613,260316,4100,145991,84797,207990,250314,560062,827650,22794,167816,128707,
May-2019,3424018,285820,44906,16754,166492,89453,14898,270646,4299,151335,87299,214923,266014,571803,871419,23634,171305,133657,
Jun-2019,3299794,253806,42702,16254,162486,83554,15559,265862,4144,146603,86615,207990,243339,556708,848437,22912,174784,129676,
Jul-2019,3395984,234661,43852,16890,166223,68554,15695,278004,4154,152945,91369,235476,254709,583186,889103,23093,180524,118762,
Aug-2019,3448106,224286,43505,16969,166956,92674,15637,276932,4113,158116,93505,235476,257498,585405,908018,23374,181927,124777,
Sep-2019,3396571,242655,41798,16262,162297,85622,15039,267171,4065,156025,88519,227880,256073,568646,890996,22153,181334,132353,
Oct-2019,3551970,269362,43093,16228,174595,88263,15151,276059,4093,161587,95528,236778,261454,589800,921751,22606,201814,135881,
Nov-2019,3509293,287298,41738,15659,172544,85170,14439,271185,4040,158036,94336,229140,251153,597779,902758,21942,196055,128747,
Dec-2019,3622512,299717,42834,16024,179104,88988,14945,283047,4134,163499,95408,236778,259905,608342,933717,22614,204178,131667,
Jan-2020,3596775,309582,42187,15908,178541,87796,14623,275327,4003,166128,93661,203701,263734,603836,938076,21991,209896,129695,
Feb-2020,3363434,291399,39093,14649,167014,82571,13636,256681,3717,159661,90249,190559,243139,569721,873327,20424,198090,114080,
Mar-2020,3582414,294542,43677,15376,175568,89286,14486,277105,3996,173666,97224,203701,257387,607689,935703,21810,210559,123255,
Apr-2020,3374224,278304,39748,14906,168745,81588,13595,265367,3514,159337,81884,193050,235642,586955,873398,20408,204826,118007,
May-2020,3285105,281729,40463,15172,164049,65180,14012,282137,3032,149792,59946,199485,217154,592126,820711,20365,212646,113117,
Jun-2020,3217496,264822,38742,14837,159896,63247,13321,264527,3020,156048,59424,193050,222324,560390,828516,19287,212831,110228,
Jul-2020,3373594,270116,39855,15061,167408,69629,13674,265396,3575,168725,71533,201686,226843,604716,865413,20374,220032,114460,
Aug-2020,3349817,257263,40295,13344,165432,45381,13504,260634,3502,171190,81889,201686,226344,607221,872259,19895,223208,112459,
Sep-2020,3265272,269832,38734,12857,162864,50270,13030,256067,3338,167860,84428,195180,222010,567029,842955,19352,218893,109617,
Oct-2020,3363756,293957,40172,13059,164848,40147,13461,263488,3452,174885,89525,201097,219403,595653,862326,20091,226064,109820,
Nov-2020,3352374,292359,38565,12934,159635,61572,12917,267732,3340,170552,86551,194610,224327,605244,838590,19234,223428,109488,
Dec-2020,3489506,325410,39452,12475,160399,68343,13097,277620,3333,170133,89499,201097,228057,647714,858647,19352,231845,110103,
Jan-2021,3506258,317223,39964,12033,160140,69761,12578,272241,3541,183238,86048,206660,221544,657704,863623,19235,234432,112203,
Feb-2021,2923896,279748,30061,10749,143703,63571,9965,221450,3074,155072,73383,170668,163094,585221,655704,17815,208571,101571,
Mar-2021,3482323,311798,39947,12028,156848,74323,12340,281914,3464,191096,86060,189405,220130,647681,860109,20356,227218,112820,
Apr-2021,3408930,292320,37926,11685,156322,71089,12316,277430,3411,188663,85140,183444,214334,618509,865071,19861,229075,108858,
May-2021,3510356,295399,38775,12215,162525,68994,12648,284859,3554,200178,89910,187668,223372,640431,890177,20312,234118,110932,
Jun-2021,3391187,271770,37125,11787,154714,69134,12276,273251,3230,193881,87265,183602,213314,621905,871202,19587,227987,106241,
Jul-2021,3490995,249984,38273,12014,160386,71897,12780,285017,3472,205686,88426,189223,221002,642894,916132,20363,229376,110003,
Aug-2021,3530753,269483,38000,11930,158698,62266,12793,289009,3490,210385,91229,188396,222329,655525,914512,20335,241373,107439,
Sep-2021,3412770,278340,36706,11499,153374,36212,12371,285828,3445,207653,90083,180630,216455,633963,890017,19841,216452,107587,
Oct-2021,3595255,287835,37791,11565,160451,62343,12775,302796,3579,216393,92912,192556,223093,657651,929395,20509,240446,109679,
Nov-2021,3551645,305759,36440,11177,155778,66635,12488,301995,3426,213741,92058,194200,214361,651361,903138,20061,229812,106712,
Dec-2021,3679110,326402,38361,11321,157156,69033,12638,314290,3348,209392,93739,200184,218805,679814,941212,20609,241569,108120,
Jan-2022,3587711,323315,37360,11277,151763,66405,12240,311580,3333,199805,87865,195979,213299,659021,922023,20855,234795,104876,
Feb-2022,3226511,295371,33489,9444,138088,56665,10878,283959,3008,187018,79970,174146,193546,580411,827896,19004,209707,94402,


Back to Contents,Data 2: Other States,,,,,,,,,,,,,,,,,,,
Sourcekey,N9010982,N9010AL2,N9010AZ2,N9010FL2,NGM_EPG0_FGW_SID_MMCF,N9010IL2,N9010IN2,N9010KY2,N9010MD2,N9010MI2,N9010MS2,N9010MO2,N9010NE2,N9010NV2,N9010NY2,N9010OR2,N9010SD2,N9010TN2,N9010VA2,
Date,Other States Natural Gas Gross Withdrawals (MMcf),Alabama Natural Gas Gross Withdrawals (MMcf),Arizona Natural Gas Gross Withdrawals (MMcf),Florida Natural Gas Gross Withdrawals (MMcf),Idaho Gross Withdrawals of Natural Gas (Million Cubic Feet),Illinois Natural Gas Gross Withdrawals (MMcf),Indiana Natural Gas Gross Withdrawals (MMcf),Kentucky Natural Gas Gross Withdrawals (MMcf),Maryland Natural Gas Gross Withdrawals (MMcf),Michigan Natural Gas Gross Withdrawals (MMcf),Mississippi Natural Gas Gross Withdrawals (MMcf),Missouri Natural Gas Gross Withdrawals (MMcf),Nebraska Natural Gas Gross Withdrawals (MMcf),Nevada Natural Gas Gross Withdrawals (MMcf),New York Natural Gas Gross Withdrawals (MMcf),Oregon Natural Gas Gross Withdrawals (MMcf),South Dakota Natural Gas Gross Withdrawals (MMcf),Tennessee Natural Gas Gross Withdrawals (MMcf),Virginia Natural Gas Gross Withdrawals (MMcf),
Jan-1991,75788,17691,,,,41,21,7021,0,15965,16689,0,57,3,2041,,525,165,1849,
Feb-1991,66569,16173,,,,38,18,6303,0,14322,14603,0,58,3,1820,,421,148,1545,
Mar-1991,71068,17747,,,,40,20,6870,5,17792,15913,1,65,5,1983,,458,161,1076,
Apr-1991,64899,17335,,562,,39,19,6515,0,18491,14873,2,63,6,1881,,445,153,906,
May-1991,64083,18260,,,,38,19,6458,0,19993,14762,1,69,6,1865,,421,152,698,
Jun-1991,61437,17389,,,,37,19,6272,5,16466,14321,1,65,5,1796,,427,148,555,
Jul-1991,63057,19267,,,,37,19,6394,0,16940,14814,1,68,5,1832,,474,150,1240,
Aug-1991,62542,19773,,543,,38,18,6382,0,16169,14777,1,61,4,1831,,480,150,1579,
Sep-1991,60924,16752,,606,,37,19,6194,3,16512,13871,1,61,4,1794,,458,146,1217,
Oct-1991,66818,18029,,668,,40,20,6740,0,15527,15072,2,68,5,1953,,497,159,1043,
Nov-1991,68874,20084,,655,,40,19,6739,0,15816,15320,3,64,4,1950,,569,159,1598,
Dec-1991,71871,25375,,669,,41,21,7017,16,17420,15756,2,83,3,2032,,629,165,1600,
Jan-1992,70658,33868,,657,,31,15,5425,4,14533,15037,4,107,3,2091,,595,157,1891,
Feb-1992,65880,32773,,597,,28,14,7142,4,13052,13554,4,115,3,1866,,576,141,2025,
Mar-1992,69425,33371,,565,,30,15,6716,3,16483,14071,3,108,3,1995,,581,152,1860,
Apr-1992,67513,33712,,552,,29,14,7270,2,15598,13563,2,97,3,1930,,593,146,1545,
May-1992,67536,33880,,587,,28,14,7191,2,13484,13972,1,105,3,1945,,626,145,1493,
Jun-1992,64584,34185,,658,,27,14,6365,2,21140,13882,1,94,2,1884,,539,140,1365,
Jul-1992,66912,35896,,624,,28,14,6320,2,16680,13992,1,95,3,1923,,589,142,2597,
Aug-1992,66993,34273,,638,,28,14,7295,3,17672,13905,1,90,2,1902,,582,143,2021,
Sep-1992,65334,34038,,623,,28,14,6011,3,19682,11566,1,85,2,1881,,559,141,2360,
Oct-1992,70429,36327,,727,,30,15,6813,2,18086,14054,2,86,2,2019,,576,152,2412,
Nov-1992,70120,35078,,658,,30,15,6684,2,14749,14043,4,90,2,2000,,556,152,2472,
Dec-1992,72849,36215,,698,,31,15,6458,2,19320,13898,3,105,2,2086,,591,159,2692,
Jan-1993,71066,37694,,700,,30,17,7343,2,19565,13573,2,181,2,1880,,569,147,3816,
Feb-1993,64854,33242,,633,,29,15,7269,2,10672,12177,2,168,2,1679,,523,131,2967,
Mar-1993,68056,34276,,663,,29,16,6783,2,25042,12578,2,164,2,1809,,600,141,3153,
Apr-1993,64575,32802,,660,,27,16,6309,2,20172,12247,1,150,2,1735,,563,135,2969,
May-1993,65906,34612,,685,,27,16,6962,1,14793,12462,0,151,2,1748,,565,137,2949,
Jun-1993,67063,33671,,634,,27,15,9647,2,18282,12188,0,141,2,1678,,571,131,2913,
Jul-1993,64661,36283,,713,,27,15,6801,3,21131,12879,0,144,2,1704,,613,134,2729,
Aug-1993,66128,36872,,694,,28,15,7537,3,17417,11849,0,138,2,1705,,611,134,2886,
Sep-1993,63830,36610,,644,,28,15,5997,3,18866,11949,0,146,2,1680,,605,132,2852,
Oct-1993,68248,38606,,688,,29,17,6422,3,16233,11652,2,206,1,1829,,662,143,3174,
Nov-1993,67524,43464,,640,,27,17,6163,3,14930,10841,3,214,2,1832,,622,144,3528,
Dec-1993,75129,48188,,657,,30,17,9732,2,13195,10630,2,312,2,1919,,554,150,3903,
Jan-1994,69191,49348,,654,,30,9,6171,2,28151,10324,1,276,1,1816,,510,176,4207,
Feb-1994,63700,45585,,616,,29,8,6109,2,3543,9474,1,232,1,1622,,434,157,3936,
Mar-1994,66954,49910,,768,,29,9,5700,2,36182,10554,1,250,1,1747,,504,170,4361,
Apr-1994,63848,48530,,683,,27,9,5302,2,8227,9984,1,274,1,1676,,492,162,4252,
May-1994,64453,48932,,725,,27,9,5850,2,26191,10227,0,260,1,1688,,528,164,3607,
Jun-1994,65346,43483,,684,,27,8,8107,2,18882,9886,0,250,1,1621,,519,158,3668,
Jul-1994,64227,50975,,825,,26,9,5715,2,21165,10159,0,242,1,1646,,634,160,4187,
Aug-1994,65804,50604,,699,,28,9,6333,3,18682,10675,0,237,1,1646,,725,161,4552,
Sep-1994,63328,41760,,656,,27,8,5040,3,20799,10780,0,222,1,1623,,726,159,4263,
Oct-1994,67240,50104,,785,,28,9,5397,3,15884,10098,0,220,1,1767,,717,172,4390,
Nov-1994,66191,49878,,703,,26,9,5179,2,19038,9632,2,211,1,1770,,720,172,4364,
Dec-1994,72981,49753,,671,,29,10,8179,2,11577,10009,2,225,1,1853,,755,180,4475,
Jan-1995,68143,48470,,614,,30,4,6312,2,23008,9774,2,210,1,1632,,757,161,4541,
Feb-1995,62619,44046,,632,,29,34,6249,2,8354,8805,1,192,1,1457,,675,143,4005,
Mar-1995,65848,48638,,664,,29,22,5831,2,31890,9743,2,203,1,1570,,746,155,4479,
Apr-1995,62597,47380,,637,,27,42,5423,2,17979,9494,2,198,1,1506,,710,149,4347,
May-1995,63794,48674,,666,,27,21,5984,2,19899,10285,1,197,1,1517,,718,150,4380,
Jun-1995,64475,47150,,590,,27,13,8293,2,25524,9884,1,183,1,1456,,696,144,4114,
Jul-1995,62396,51028,,593,,27,22,5846,2,23821,10067,1,182,1,1479,,710,147,3959,
Aug-1995,63513,50838,,554,,28,18,6478,2,19601,10672,0,179,1,1480,,739,147,3882,
Sep-1995,61017,42702,,559,,27,8,5155,2,22170,10542,0,173,1,1458,,689,145,3488,
Oct-1995,64990,50350,,522,,28,21,5521,2,20020,10283,1,177,1,1588,,633,157,3844,
Nov-1995,64151,50441,,547,,26,28,5298,2,15558,9682,3,172,1,1590,,643,157,4099,
Dec-1995,71434,50408,,554,,29,16,8366,2,16041,10223,3,173,1,1665,,659,165,4679,
Jan-1996,68784,50302,41,569,,29,14,5729,2,22384,10000,2,160,1,1506,159,645,137,4047,
Feb-1996,65916,46238,42,542,,28,15,7191,15,19158,9170,2,148,1,1346,100,623,122,3512,
Mar-1996,71655,49904,45,505,,28,28,8680,21,11680,10292,2,186,1,1451,139,735,132,3862,
Apr-1996,65008,48271,36,501,,26,33,6217,9,32544,10099,1,167,1,1391,159,731,126,3725,
May-1996,66513,49615,39,531,,27,34,8243,11,18493,10963,1,163,1,1401,164,765,128,3527,
Jun-1996,64191,47404,45,552,,27,30,6676,11,24044,10806,1,154,1,1345,155,768,123,3447,
Jul-1996,65387,47585,30,581,,21,30,5513,11,27591,11046,1,160,1,1534,170,791,147,5044,
Aug-1996,67417,48322,43,605,,22,29,6535,6,23733,10837,0,151,1,1556,137,799,148,5261,
Sep-1996,66217,47205,31,605,,22,27,5882,10,20680,9846,0,147,1,1529,155,753,146,4923,
Oct-1996,70061,46898,34,532,,23,33,6640,22,20846,10342,3,148,1,1661,156,796,158,5296,
Nov-1996,71887,49474,37,583,,21,45,8145,6,16553,10076,3,141,1,1668,132,771,158,5574,
Dec-1996,72718,51082,40,600,,24,41,5984,11,13699,10145,11,152,1,1745,118,787,166,6073,
Jan-1997,67443,36751,46,596,,23,38,6844,2,35412,9884,2,128,1,1346,122,785,122,5554,
Feb-1997,60468,33381,41,578,,22,40,6016,13,17347,9343,2,136,1,1203,114,750,109,4915,
Mar-1997,64899,36946,42,689,,22,34,7204,18,25262,9895,0,153,1,1296,118,786,118,5390,
Apr-1997,61786,36690,40,626,,20,34,7053,8,13416,9652,0,138,1,1243,119,812,113,5110,
May-1997,62979,35812,36,611,,21,40,8187,10,40291,10201,0,100,1,1252,121,842,114,5109,
Jun-1997,59704,34464,29,508,,21,29,6334,10,19786,10307,0,144,1,1202,115,806,110,4720,
Jul-1997,59557,35104,31,581,,17,30,5926,9,40498,10060,0,145,1,1368,117,820,132,4679,
Aug-1997,60836,34618,30,571,,17,40,6760,5,19069,11154,0,136,1,1389,118,817,132,4365,
Sep-1997,57919,37304,30,587,,17,34,5469,9,22923,10835,0,130,1,1365,102,810,130,3828,
Oct-1997,64045,38825,34,510,,18,39,8243,20,20769,11931,0,154,1,1482,115,869,141,3759,
Nov-1997,61952,37841,57,496,,16,115,5471,5,26485,11523,0,148,1,1489,108,836,142,5838,
Dec-1997,65566,37351,39,555,,18,52,6040,9,30357,11838,0,158,1,1558,114,862,148,4980,
Jan-1998,71322,36606,43,565,,21,37,8383,5,28932,11544,0,162,1,1385,105,874,115,4706,
Feb-1998,62847,32824,42,548,,20,52,5955,4,8750,10275,0,152,1,1237,93,808,102,4429,
Mar-1998,67277,37363,53,653,,20,51,6862,3,31252,11319,0,152,1,1334,113,886,111,4990,
Apr-1998,63977,36070,43,594,,18,45,6614,4,18295,10412,0,153,1,1279,108,866,106,4733,
May-1998,64062,37345,38,579,,19,11,6643,5,29670,10765,0,154,1,1288,109,784,107,4795,
Jun-1998,61855,37007,34,482,,19,21,5688,7,27430,10180,0,119,1,1236,107,701,103,4794,
Jul-1998,64996,37371,42,551,,15,85,8358,6,26643,10979,0,148,1,1420,112,744,124,4817,
Aug-1998,63175,37277,36,541,,16,75,5342,6,19368,10729,0,155,1,1434,111,733,124,5248,
Sep-1998,62887,33729,32,556,,15,74,6732,5,28963,10830,0,136,1,1410,107,722,123,4653,
Oct-1998,68690,36912,31,484,,16,69,8609,6,22288,10812,0,122,1,1533,99,726,133,5024,
Nov-1998,63788,35405,33,470,,15,66,5064,5,12485,10475,0,131,1,1539,102,692,133,5087,
Dec-1998,69332,36562,33,526,,17,28,7618,6,29665,10897,0,112,1,1610,96,715,139,3988,
Jan-1999,74346,35470,31,578,,19,76,7861,2,21215,10644,0,116,1,1335,99,712,99,5513,
Feb-1999,65152,32043,27,561,,18,69,5584,1,8898,10039,0,110,1,1193,100,665,89,5248,
Mar-1999,69147,35079,35,668,,18,79,6435,2,40584,11386,0,134,1,1286,144,739,96,5338,
Apr-1999,65330,31395,37,608,,17,70,6202,2,23046,10706,0,125,1,1233,134,747,92,5072,
May-1999,66333,36752,39,593,,17,82,6229,1,25712,11022,0,127,1,1242,136,749,93,5432,
Jun-1999,64249,35384,44,493,,17,70,5334,2,25556,10751,0,114,1,1192,134,767,89,6265,
Jul-1999,66073,35910,61,564,,14,66,7838,2,24460,10829,0,116,1,1375,132,809,107,5203,
Aug-1999,64439,35354,51,554,,14,75,5010,2,19626,10674,0,117,1,1384,91,832,108,5589,
Sep-1999,65499,35560,43,569,,14,59,6313,2,25124,10435,0,108,1,1362,110,813,106,5749,
Oct-1999,71883,35842,43,495,,15,52,8072,1,14012,10318,0,113,1,1482,150,835,115,7248,
Nov-1999,69908,35470,35,481,,14,79,4749,1,22148,9860,0,108,1,1487,160,812,115,9553,
Dec-1999,73155,36276,28,538,,15,77,7143,1,32647,10091,0,108,1,1556,166,860,121,5981,
Jan-2000,75496,35659,37,628,,19,75,4582,3,23058,9450,0,106,1,1469,144,872,93,6017,
Feb-2000,71294,33507,26,609,,18,60,5575,2,16321,7436,0,104,1,1313,122,799,83,6258,
Mar-2000,74469,34885,27,726,,18,76,6330,3,34365,9430,0,105,1,1415,124,897,90,5942,
Apr-2000,73276,33714,28,660,,17,77,9385,4,13023,8891,0,104,1,1357,115,872,86,5836,
May-2000,68230,34424,31,644,,17,73,3681,3,27181,9821,0,91,1,1366,119,907,87,6147,
Jun-2000,73215,32702,32,536,,17,74,9851,3,17800,9132,0,107,0,1312,109,839,83,5857,
Jul-2000,69332,33553,32,612,,14,85,5247,3,30876,9711,0,110,0,1516,104,960,100,5813,
Aug-2000,72272,33670,33,601,,14,82,7138,3,33474,9883,0,108,0,1524,112,933,101,6121,
Sep-2000,71806,31706,33,618,,14,76,7662,3,25215,9489,0,103,0,1501,113,874,99,5767,
Oct-2000,74843,32632,33,538,,15,77,6811,2,38925,10317,0,97,1,1633,127,929,107,6064,
Nov-2000,73705,32139,32,522,,13,68,7750,2,26354,9983,0,82,1,1637,113,898,108,5771,
Dec-2000,78207,32744,24,585,,15,76,7534,2,15628,10837,0,103,1,1714,108,900,113,5953,
Jan-2001,67526,33380,31,556,,18,83,4612,3,27828,10892,0,105,1,2290,113,914,162,6081,
Feb-2001,63090,29983,28,539,,18,63,5629,2,13973,9979,0,93,1,2046,108,824,144,5646,
Mar-2001,69053,33019,31,643,,17,97,8384,3,30135,10795,0,106,1,2205,116,941,156,6230,
Apr-2001,62300,31729,32,584,,16,97,5484,3,20545,11142,0,100,1,2115,103,953,149,5959,
May-2001,64574,32708,28,570,,17,16,7333,3,36412,11468,,103,1,2130,97,990,151,6161,
Jun-2001,64266,31698,25,474,,17,96,8121,3,18253,10910,0,96,1,2044,89,959,145,5884,
Jul-2001,62787,33610,26,542,,13,102,6154,3,20464,12220,,105,1,2393,93,961,174,5490,
Aug-2001,65146,34056,24,532,,14,100,7024,3,27283,12266,0,107,1,2387,89,942,175,6445,
Sep-2001,63915,32983,22,547,,14,93,6846,3,14824,11170,0,92,1,2353,80,948,173,5887,
Oct-2001,68889,33070,20,476,,14,111,8336,2,29802,11993,0,104,1,2565,80,957,187,6095,
Nov-2001,63939,32324,15,463,,13,102,5356,2,24609,11576,0,94,1,2568,68,954,187,5486,
Dec-2001,71463,33421,25,518,,15,104,8442,2,16571,12328,0,102,1,2690,76,971,196,6178,
Jan-2002,69849,32713,26,327,,18,110,4911,2,35193,11957,0,106,1,3034,75,889,166,6538,
Feb-2002,65763,29892,23,317,,17,96,6536,1,13589,11260,0,86,1,2711,69,821,148,6070,
Mar-2002,71886,32212,26,377,,17,114,8847,1,31653,12273,0,92,1,2922,71,818,160,6698,
Apr-2002,66769,31417,23,343,,16,103,6526,1,17869,11772,0,90,1,2802,74,863,153,6406,
May-2002,67596,31713,23,335,,16,97,6079,1,29633,12266,0,86,1,2822,73,865,155,6624,
Jun-2002,68890,31303,24,278,,16,103,9407,1,18014,12077,0,102,1,2709,73,841,149,6326,
Jul-2002,66217,32284,29,318,,13,97,5953,1,35081,12332,0,103,1,3171,71,893,179,5902,
Aug-2002,68646,33441,28,313,,13,101,6900,1,14242,12633,0,108,1,3163,68,884,180,6929,
Sep-2002,66394,32328,28,321,,13,92,6053,1,19138,12748,0,103,1,3118,63,895,177,6329,
Oct-2002,71173,33950,25,280,,14,132,7472,3,30335,12936,0,105,1,3399,70,896,191,6553,
Nov-2002,70798,32710,23,272,,13,119,9073,3,16361,12317,,105,1,3403,65,870,192,5898,
Dec-2002,76522,32539,23,304,,14,146,10503,4,19032,12842,0,106,1,3564,64,889,201,6642,
Jan-2003,72288,32545,22,300,,17,135,2168,4,31017,13544,0,128,0,2978,70,956,146,12210,
Feb-2003,71762,28931,21,291,,16,113,7336,3,15493,12037,0,113,0,2661,64,864,130,11337,
Mar-2003,76005,32341,21,346,,16,120,7595,3,23056,13033,0,128,1,2868,70,903,141,12508,
Apr-2003,74267,30732,30,315,,15,134,8640,2,15286,12813,0,122,0,2750,66,937,135,11964,
May-2003,72911,30915,41,307,,16,110,5878,3,22975,13124,0,126,1,2770,68,971,136,12371,
Jun-2003,71794,30423,38,256,,16,25,6717,3,17718,13167,0,116,0,2659,61,954,131,11815,
Jul-2003,71136,30819,39,292,,13,81,5719,3,21533,13369,0,128,1,3112,61,1014,157,11022,
Aug-2003,79215,31824,43,287,,13,73,11402,3,18789,14044,0,130,1,3104,62,1007,158,12940,
Sep-2003,72074,30613,46,295,,13,113,6273,3,28728,14105,0,112,0,3061,54,970,156,11820,
Oct-2003,77413,31357,49,257,,13,174,8357,7,19454,14928,0,127,0,3336,49,1008,168,12238,
Nov-2003,76273,29969,46,249,,12,172,9795,7,9737,14072,0,114,0,3340,50,988,169,11015,
Dec-2003,79960,30440,48,279,,14,215,7726,8,18864,13440,0,124,0,3498,56,1031,177,12405,
Jan-2004,78874,30016,46,304,,17,306,7435,3,25319,14724,0,132,0,3795,49,1022,170,7268,
Feb-2004,75518,27403,45,295,,16,264,8205,4,10379,14436,0,117,0,3391,42,958,151,6749,
Mar-2004,77985,29714,49,352,,16,285,8349,4,28078,15288,0,127,0,3655,43,1004,164,7446,
Apr-2004,75215,28404,21,320,,15,279,9522,3,21991,14991,0,125,0,3505,39,955,157,7122,
May-2004,75821,29356,22,312,,15,296,8438,3,12710,15702,0,124,0,3530,37,958,159,7364,
Jun-2004,74844,28062,22,259,,15,302,8202,4,27381,14969,0,116,0,3388,32,950,152,7033,
Jul-2004,78335,28254,22,297,,12,296,11555,3,22788,15541,0,127,0,3966,37,987,183,6561,
Aug-2004,73510,28774,22,291,,13,281,4589,3,24997,14919,0,133,1,3956,39,1004,184,7703,
Sep-2004,72739,23691,20,299,,13,268,5517,0,23104,13233,0,127,0,3900,37,973,181,7036,
Oct-2004,80085,28494,20,260,,13,290,9159,0,20178,14139,0,128,0,4251,41,994,196,7285,
Nov-2004,72280,27974,19,253,,12,267,4671,3,16061,13354,0,123,0,4256,37,977,197,6557,
Dec-2004,81809,28593,21,283,,13,267,8618,3,32358,15034,0,119,0,4457,34,987,206,7384,
Jan-2005,76095,28294,20,255,,16,293,6055,3,20481,18983,0,112,1,4547,29,968,178,7532,
Feb-2005,72201,25338,18,247,,16,255,7318,3,17655,13669,0,102,0,4063,26,862,159,6993,
Mar-2005,78795,27710,20,295,,16,275,9105,4,27584,16053,0,113,0,4379,29,901,172,7716,
Apr-2005,78419,24656,22,268,,15,263,12342,4,14359,15242,0,103,0,4200,28,928,164,7380,
May-2005,72303,27743,21,261,,15,260,3919,4,16878,15810,0,107,0,4230,26,1013,166,7631,
Jun-2005,74697,26561,19,217,,15,253,7930,4,30460,15646,0,52,0,4060,28,964,160,7288,
Jul-2005,79502,25298,20,249,,12,264,11692,4,20551,16014,0,108,0,4752,41,972,192,6799,
Aug-2005,75336,25553,20,244,,12,261,4332,4,24393,14887,0,106,0,4740,52,935,193,7982,
Sep-2005,73545,24951,19,251,,12,247,5747,4,22015,14737,,104,0,4673,47,921,190,7291,
Oct-2005,79248,27457,19,218,,13,257,8071,4,22083,16626,0,91,0,5094,39,972,205,7549,
Nov-2005,75912,26508,17,212,,12,240,6888,4,16371,16086,0,106,0,5100,43,950,206,6795,
Dec-2005,82541,27137,18,237,,13,265,9396,4,33948,15619,0,97,0,5341,66,964,216,7652,
Jan-2006,83838,26349,24,246,,17,218,5884,4,20627,16105,,108,0,4613,47,971,215,8410,
Feb-2006,78621,24127,44,238,,16,211,7846,4,17780,15300,,94,0,4122,56,897,192,7694,
Mar-2006,93711,27108,53,284,,16,246,8709,4,27780,15145,,101,0,4443,56,961,208,8597,
Apr-2006,79629,26061,61,258,,15,234,8365,4,14461,16567,,96,0,4261,46,774,199,8227,
May-2006,83180,26606,60,252,,15,246,7678,4,16998,17074,,107,0,4291,72,905,201,8671,
Jun-2006,96669,24680,52,209,,15,254,9302,3,30676,17490,,106,0,4119,71,880,193,8619,
Jul-2006,85847,25337,51,239,,12,179,6073,4,20697,18432,,109,0,4821,57,863,232,8741,
Aug-2006,91326,25778,47,235,,13,244,7160,4,24567,18396,,103,0,4809,32,876,233,8829,
Sep-2006,92050,24482,50,242,,13,282,11947,4,22171,18186,,101,0,4741,56,836,230,8709,
Oct-2006,86274,25693,59,210,,13,275,2949,3,22240,19545,,103,0,5168,40,924,249,8803,
Nov-2006,83928,24456,50,204,,12,259,7714,4,16487,19591,,95,0,5174,43,868,250,8721,
Dec-2006,107862,25467,60,228,,13,272,11692,4,34189,20251,,94,0,5419,46,861,261,9005,
Jan-2007,94695,25253,51,173,,138,282,3566,4,29177,21028,0,77,0,4528,60,891,319,9148,
Feb-2007,86541,22610,54,167,,132,235,11324,4,19079,19308,0,73,0,4046,48,809,284,8368,
Mar-2007,94788,24867,58,199,,132,286,11193,4,20938,21984,0,97,0,4360,38,974,308,9350,
Apr-2007,80335,23057,36,181,,122,324,3157,4,16885,22085,0,99,0,4182,33,926,295,8949,
May-2007,99657,23992,60,177,,124,301,9757,3,26951,23221,0,115,0,4211,35,981,298,9431,
Jun-2007,94731,22996,58,147,,124,267,13232,3,20384,22693,0,116,0,4042,38,972,286,9373,
Jul-2007,86651,23805,50,168,,100,308,1401,7,22977,22122,0,123,0,4732,35,972,344,9507,
Aug-2007,96743,25275,56,165,,103,343,8312,3,24488,22217,0,130,0,4720,27,957,345,9602,
Sep-2007,96207,24152,62,170,,103,310,8115,3,24957,22572,0,157,0,4653,18,1123,340,9472,
Oct-2007,95640,24607,52,148,,107,374,7431,1,21537,25093,0,202,0,5072,13,1060,368,9575,
Nov-2007,97345,23768,56,144,,99,351,8039,1,23294,25338,0,193,0,5078,24,1105,370,9485,
Dec-2007,97652,25236,61,161,,110,224,9912,1,19903,25216,0,177,0,5318,42,1109,387,9795,
Jan-2008,86809,24332,75,237,,118,349,5422,4,13615,26257,,235,0,4147,78,1068,380,10492,
Feb-2008,84351,23018,56,229,,113,364,7681,2,12607,25435,,257,0,3705,60,891,339,9594,
Mar-2008,90853,24039,66,273,,113,407,8706,3,13574,27278,,260,0,3994,64,994,367,10715,
Apr-2008,87729,22435,68,249,,105,409,8978,2,12879,26868,,243,0,3830,42,1011,351,10259,
May-2008,93021,24284,64,242,,106,438,9795,1,13424,28812,,243,0,3857,48,540,355,10812,
Jun-2008,89837,23110,17,202,,106,397,9470,2,13040,27398,,245,0,3702,53,1012,341,10742,
Jul-2008,97641,23156,18,231,,86,416,14368,2,13542,28722,,272,0,4334,66,1121,410,10897,
Aug-2008,95843,23044,17,226,,88,357,11759,2,13746,29397,,257,0,4323,73,1134,412,11008,
Sep-2008,88581,20776,17,233,,88,368,8681,8,13081,28339,,265,0,4262,78,1123,406,10856,
Oct-2008,96507,23557,57,203,,91,423,8768,1,13467,32430,,268,0,4645,78,1104,439,10976,
Nov-2008,99316,22473,25,197,,84,420,14357,1,12729,31720,,275,0,4651,58,1013,441,10872,
Dec-2008,94973,23329,44,220,,94,353,6131,1,13088,33809,,263,0,4871,80,997,461,11232,
Jan-2009,93178,21362,44,25,,143,425,7886,4,12643,33435,,283,0,3696,69,1098,443,11622,
Feb-2009,91839,20978,67,24,,136,301,12473,3,11541,30740,,287,0,3303,55,1011,395,10525,
Mar-2009,89932,22927,72,29,,136,419,4671,3,15592,29163,,303,0,3559,60,1145,427,11426,
Apr-2009,82490,21707,65,26,,127,414,5228,3,12108,26273,,269,0,3413,46,1105,409,11297,
May-2009,91340,22615,54,26,,129,428,12473,3,12030,26454,,273,0,3438,57,1186,414,11760,
Jun-2009,87365,21812,59,21,,129,393,11044,3,12169,25198,,255,0,3300,45,1134,397,11406,
Jul-2009,86554,22517,54,24,,104,366,3382,3,14935,27279,,217,0,3863,45,1086,478,12201,
Aug-2009,92349,21829,68,24,,107,422,11139,3,12449,28409,,227,0,3853,53,1052,480,12234,
Sep-2009,90563,20567,64,25,,106,370,11723,4,12802,27521,,211,0,3798,42,979,473,11878,
Oct-2009,91299,19732,55,21,,111,472,10519,3,12162,29891,,204,0,4140,45,1026,511,12407,
Nov-2009,95365,18647,48,21,,102,450,10173,3,15343,32520,,197,0,4145,63,1032,514,12107,
Dec-2009,104425,21272,62,23,,114,468,12590,8,15626,36003,,190,0,4341,242,1074,537,11875,
Jan-2010,93536,20596,16,599,,175,475,10288,3,11875,32230,,189,0,2951,175,1020,416,12528,
Feb-2010,92426,18772,15,826,,161,457,17470,3,10677,28299,,179,0,2637,193,1003,371,11363,
Mar-2010,89173,21698,16,822,,168,421,4513,5,11735,32705,,193,0,2842,152,1097,401,12405,
Apr-2010,89313,20527,14,1029,,169,502,10656,3,11224,28786,,189,0,2726,158,1032,384,11914,
May-2010,94288,21184,15,1037,,169,468,11036,3,11560,31758,,202,0,2745,150,1071,388,12502,
Jun-2010,91383,20313,15,960,,126,539,10307,3,11210,31453,,191,0,2635,119,1034,373,12105,
Jul-2010,96187,19550,16,1159,,94,575,12211,3,11488,33778,,193,0,3084,82,1016,448,12490,
Aug-2010,95461,19473,15,1504,,79,556,10372,4,11749,34415,,196,0,3077,30,1021,450,12520,
Sep-2010,95812,18103,15,1503,,98,633,11474,3,11349,35401,,187,0,3033,55,1285,444,12229,
Oct-2010,109113,21199,15,1488,,111,736,19316,4,11503,37186,,186,0,3306,69,1097,480,12417,
Nov-2010,93665,20074,15,1496,,157,717,5023,3,11109,37855,,179,0,3310,103,952,482,12190,
Dec-2010,101190,19213,15,1514,,194,723,12663,4,11302,37794,,170,0,3467,121,912,505,12593,
Jan-2011,99384,19957,16,1522,,184,761,9542,5,12203,38209,,170,0,2565,144,865,396,12845,
Feb-2011,91807,18241,14,1508,,156,622,10041,3,11172,34256,,145,0,2292,158,818,354,12027,
Mar-2011,100766,20095,14,1501,,193,799,11740,4,12362,37220,,165,0,2470,129,902,383,12789,
Apr-2011,97832,19158,14,1510,,180,751,10993,3,11957,37075,,166,0,2369,96,926,366,12268,
May-2011,96605,17997,14,1513,,182,807,9053,3,12196,38194,,170,0,2386,114,909,370,12697,
Jun-2011,94796,18774,14,1517,,156,760,9824,4,11687,35910,,179,0,2290,134,973,356,12218,
Jul-2011,102551,19422,15,1300,,144,758,11313,4,12194,40117,,173,0,2681,153,1110,427,12740,
Aug-2011,97611,19510,10,1067,,173,759,9160,3,12247,37228,,178,0,2674,85,1145,429,12943,
Sep-2011,92141,15653,14,1363,,165,746,10162,3,11958,35365,,169,0,2636,54,1117,429,12307,
Oct-2011,94315,16930,15,1447,,180,788,9509,1,12129,35645,,166,0,2873,90,1222,423,12897,
Nov-2011,93729,15016,14,1420,,204,744,10194,1,11799,37185,,153,0,2877,86,1198,458,12380,
Dec-2011,99826,17820,15,1460,,205,779,12710,1,11922,36946,,148,0,3013,98,1265,460,12984,
Jan-2012,100896,19449,15,1592,,184,619,8988,4,11209,41496,,155,0,2277,90,1280,493,13045,
Feb-2012,95286,18253,14,1455,,156,734,8409,3,10505,39773,,145,0,2085,71,1226,462,11995,
Mar-2012,97911,19192,15,1511,,193,797,8988,4,11002,39403,,147,0,2229,72,1324,493,12541,
Apr-2012,93400,17858,14,1585,,181,737,8699,4,10809,37396,,98,0,2159,57,1303,477,12023,
May-2012,90673,18463,14,1112,,183,741,8988,4,11093,33298,,109,0,2233,81,1380,493,12481,
Jun-2012,86400,17607,13,1124,,156,707,8699,3,10701,30750,,105,0,2162,69,1278,477,12549,
Jul-2012,93973,18341,10,1324,,144,754,8988,4,10928,37458,,97,0,2235,70,1316,493,11811,
Aug-2012,94198,17262,10,1748,,173,772,8988,4,10920,37864,,97,0,2236,24,1239,493,12368,
Sep-2012,92088,16831,9,1798,,165,742,8699,3,10519,37563,,98,0,2165,44,1187,477,11788,
Oct-2012,96951,18127,0,1756,,180,747,8988,4,10769,40302,,97,0,2238,49,1213,493,11988,
Nov-2012,92498,17451,1,2022,,205,714,8699,3,10325,37353,,93,0,2166,57,1243,477,11689,
Dec-2012,95417,16874,0,1656,,205,749,8988,4,10552,40259,,88,0,2238,85,1097,493,12129,
Jan-2013,60228,17685,1,1693,,532,722,8040,2,10517,5192,1,82,0,1992,90,1305,457,11915,
Feb-2013,54141,15979,0,1505,,203,647,7262,2,9562,4614,1,77,0,1800,71,1207,428,10782,
Mar-2013,58044,15827,1,1449,,267,718,8040,2,10487,5250,1,87,0,1992,72,1369,457,12024,
Apr-2013,56786,16880,0,685,,204,693,7781,3,10061,4948,1,81,0,1928,57,1371,443,11650,
May-2013,58970,17232,4,1150,,160,719,8040,2,10730,5056,1,82,0,1992,81,1392,457,11871,
Jun-2013,56403,16172,3,1359,,155,684,7781,3,10161,4769,1,83,0,1928,69,1319,443,11471,
Jul-2013,58006,16516,11,1371,,157,675,8040,3,10448,4999,1,81,0,1992,70,1362,457,11822,
Aug-2013,58221,16263,11,1841,,155,643,8040,3,10641,4916,1,78,0,1992,24,1451,457,11703,
Sep-2013,55773,15254,10,1594,,186,655,7781,3,10440,4568,0,81,0,1928,44,1357,443,11430,
Oct-2013,58176,16235,12,1696,,158,527,8040,3,10614,5187,1,117,0,1992,49,1302,457,11787,
Nov-2013,56136,16007,8,1751,,165,657,7781,3,9755,4843,0,74,0,1928,57,1368,443,11298,
Dec-2013,58199,16275,10,1916,,546,599,8040,3,10205,4930,0,109,0,1992,85,1400,457,11630,
Jan-2014,54135,15318,11,260,,164,505,8240,3,9716,4458,1,40,0,1716,134,1388,450,11732,
Feb-2014,49149,14070,9,262,,148,535,7357,3,8765,4210,1,33,0,1550,93,1239,406,10469,
Mar-2014,54132,15866,10,294,,164,635,7869,3,9636,4656,1,37,0,1716,82,1351,450,11364,
Apr-2014,49892,13900,10,289,,159,611,6558,1,9450,4447,0,32,0,1660,79,1193,435,11068,
May-2014,54626,15968,11,263,,164,593,8139,1,9854,4651,0,34,0,1716,119,1308,450,11356,
Jun-2014,51851,15279,12,230,,159,514,7297,1,9440,4457,0,33,0,1660,123,1265,435,10946,
Jul-2014,53579,15571,12,272,,164,514,7564,1,10024,4632,0,34,0,1716,124,1233,450,11269,
Aug-2014,53823,15289,10,280,,164,531,8136,1,9925,4654,0,36,0,1716,99,1270,450,11264,
Sep-2014,52162,15146,2,271,,159,543,7692,4,9549,4474,0,28,0,1660,65,1265,435,10867,
Oct-2014,53731,15335,2,255,,164,594,8174,1,9776,4588,0,36,0,1716,70,1307,450,11265,
Nov-2014,51055,14538,5,241,,159,493,7500,1,9416,4408,0,35,0,1660,78,1201,435,10885,
Dec-2014,53403,14781,12,263,,164,550,8566,1,9515,4810,0,39,0,1716,78,1284,450,11176,
Jan-2015,53214,14362,11,455,1,182,511,9274,3,9168,4704,0,41,0,1471,99,1322,363,11245,
Feb-2015,47912,13075,10,398,1,147,569,8602,1,8008,4257,0,32,0,1329,69,1181,328,9905,
Mar-2015,51938,14333,13,340,1,161,620,8637,3,8908,4731,0,32,0,1471,71,1291,363,10962,
Apr-2015,50048,13444,8,420,1,144,628,8034,3,8790,4773,0,32,1,1424,71,1255,351,10672,
May-2015,51583,13565,13,429,1,158,631,8129,2,9270,5202,0,34,0,1471,79,1269,363,10965,
Jun-2015,50864,13737,14,491,0,158,608,7963,3,9061,5279,0,35,1,1424,35,1216,351,10487,
Jul-2015,51863,14056,5,526,0,182,626,8168,3,9244,5111,0,49,0,1471,55,1237,363,10766,
Aug-2015,51915,14132,4,545,200,191,654,7885,4,9292,5067,0,49,0,1471,59,1253,363,10745,
Sep-2015,50133,14028,4,554,244,191,614,7382,4,8900,4777,0,69,0,1424,63,1169,351,10358,
Oct-2015,51591,14809,5,559,194,181,610,7464,4,9209,4785,0,50,0,1471,75,1155,363,10657,
Nov-2015,49369,14318,3,524,179,191,579,6669,3,8948,4724,0,17,0,1424,84,1062,351,10292,
Dec-2015,50926,14388,4,548,257,194,599,7701,4,8868,4771,0,37,0,1471,88,1100,363,10533,
Jan-2016,50050,14559,4,1274,264,175,578,7739,3,8868,4634,0,31,0,1145,73,37,305,10359,
Feb-2016,47820,13480,4,1068,267,175,503,8003,2,8719,4294,0,30,0,1071,69,34,285,9814,
Mar-2016,49521,14352,4,1118,377,188,544,8601,2,8105,4269,0,40,0,1145,69,36,305,10365,
Apr-2016,47633,13877,5,1022,387,188,518,7277,2,8752,4224,0,41,0,1108,64,35,295,9837,
May-2016,48419,14216,5,919,447,191,535,7721,2,8244,4252,0,43,0,1145,87,38,305,10267,
Jun-2016,46193,13266,4,860,408,192,476,6848,3,8575,4147,0,45,0,1108,60,39,295,9868,
Jul-2016,47486,13843,5,972,410,184,536,7222,6,8397,4254,0,51,0,1145,67,42,305,10045,
Aug-2016,47732,13643,5,1089,300,188,509,7651,3,8694,4134,0,50,0,1145,56,41,305,9917,
Sep-2016,46417,13250,4,1013,473,178,516,7367,2,8584,3669,0,51,0,1108,48,38,295,9819,
Oct-2016,46916,13654,5,1045,380,176,538,7517,5,8246,3581,0,53,0,1145,72,40,305,10154,
Nov-2016,46361,13199,1,1060,455,175,479,7583,2,8569,3506,0,48,0,1108,56,39,295,9785,
Dec-2016,47272,13475,1,1110,470,173,472,8110,2,8251,3541,0,41,0,1145,81,37,305,10058,
Jan-2017,46956,13425,4,1252,363,173,516,8114,3,8292,3467,0,38,0,968,68,35,253,9984,
Feb-2017,42246,12133,4,1153,348,168,463,7052,3,7501,3167,0,37,0,874,55,33,229,9023,
Mar-2017,46653,13430,5,1361,415,182,518,7896,3,8134,3445,0,42,0,968,67,39,253,9894,
Apr-2017,44745,12827,5,1240,370,174,491,7431,3,7936,3406,0,40,0,937,53,38,245,9550,
May-2017,46273,13225,5,1281,322,182,490,7679,2,8342,3435,0,36,0,968,77,41,253,9934,
Jun-2017,43739,12313,4,1142,304,176,492,7300,4,8023,3157,0,38,0,937,74,41,245,9489,
Jul-2017,43433,11345,4,1200,348,179,518,7275,3,8300,3219,0,38,0,968,52,42,253,9689,
Aug-2017,44417,12537,5,1196,360,184,512,7116,3,8300,3254,0,30,0,968,32,43,253,9624,
Sep-2017,43385,12134,5,1216,249,160,416,7307,3,7904,3188,0,33,0,937,46,40,245,9502,
Oct-2017,43944,12325,5,1366,265,173,505,6965,2,8182,3128,0,41,0,968,46,42,253,9677,
Nov-2017,42470,12025,4,1180,230,183,495,7041,2,7756,2837,0,40,0,937,41,41,245,9413,
Dec-2017,43600,12319,5,1283,218,197,497,7539,2,7781,2735,0,41,0,968,51,41,253,9672,
Jan-2018,43166,11976,3,1419,206,191,462,7561,1,7635,2786,0,40,0,905,51,40,336,9553,
Feb-2018,39562,11186,5,1288,216,182,455,6637,1,6880,2753,0,34,0,817,50,35,272,8752,
Mar-2018,43856,12392,6,1372,160,190,464,7594,1,7570,3094,0,41,0,905,39,37,273,9720,
Apr-2018,41336,11852,1,1137,172,194,406,6774,1,7281,3012,0,34,0,876,30,37,252,9278,
May-2018,42680,11834,0,1134,168,189,482,7365,1,7588,3084,0,32,0,905,52,38,291,9515,
Jun-2018,41124,11127,3,1241,142,229,435,7130,1,7429,2978,0,36,0,876,57,37,274,9127,
Jul-2018,42502,11590,3,1406,148,206,463,7127,1,7627,3138,0,31,0,905,33,37,269,9518,
Aug-2018,41919,11813,4,926,137,212,422,6909,1,7726,3118,0,40,0,905,32,36,266,9371,
Sep-2018,40372,11084,5,1321,128,249,472,6549,1,7392,2957,0,39,0,876,53,37,253,8957,
Oct-2018,41801,11743,6,1430,120,215,411,6672,1,7636,3001,0,39,0,905,33,39,260,9288,
Nov-2018,40490,11370,6,1399,137,203,290,6556,1,7353,2878,0,34,0,876,27,37,235,9088,
Dec-2018,41511,11510,0,1352,132,204,291,7172,1,7453,2764,0,34,0,905,43,37,302,9310,
Jan-2019,40366,11409,5,501,116,212,582,7205,1,7175,2788,0,36,0,931,46,36,264,9058,
Feb-2019,35823,10510,4,433,95,176,331,5863,1,6462,2644,0,25,0,841,42,33,238,8124,
Mar-2019,39786,11334,5,455,97,176,381,6996,1,7069,2865,0,28,0,931,31,34,264,9119,
Apr-2019,38709,10824,5,412,86,195,447,6932,1,6923,2720,0,32,0,901,26,34,255,8916,
May-2019,39360,11217,6,430,91,189,442,6430,1,7242,2848,0,36,0,931,39,31,264,9163,
Jun-2019,38364,10845,5,481,87,194,399,6389,1,7068,2797,0,33,0,901,32,33,255,8845,
Jul-2019,38782,11202,1,473,92,189,445,6228,1,7221,2920,0,29,0,931,43,35,264,8708,
Aug-2019,38940,10852,2,474,98,182,442,6510,1,7150,2848,0,36,0,931,20,35,264,9095,
Sep-2019,37682,10655,9,439,78,170,411,6377,1,6882,2695,0,34,0,901,36,32,255,8705,
Oct-2019,37927,10647,8,454,83,142,313,6171,1,7072,2808,0,34,1,931,25,38,264,8935,
Nov-2019,37275,10509,8,424,72,151,420,6318,1,6750,2636,0,31,1,901,33,36,255,8725,
Dec-2019,37611,10065,7,477,38,175,431,6463,1,6954,2738,0,30,1,931,26,37,264,8972,
Jan-2020,38090,10496,9,782,23,172,378,6496,1,6839,2765,0,30,2,812,27,36,229,8993,
Feb-2020,35426,9880,7,718,16,164,424,6167,1,6073,2529,0,26,1,761,37,33,211,8379,
Mar-2020,37384,10605,9,774,16,176,447,6352,1,6483,2542,0,31,1,815,27,33,210,8860,
Apr-2020,34948,10183,6,625,0,164,400,5751,1,6097,2118,0,30,1,791,20,30,239,8491,
May-2020,33986,9992,0,18,0,138,365,5873,1,6135,1598,0,30,1,818,39,31,220,8728,
Jun-2020,32986,9362,0,49,0,169,207,5464,1,6073,2113,0,28,3,794,36,32,195,8459,
Jul-2020,35099,9986,0,599,0,174,300,5741,1,6310,2315,0,30,0,822,28,36,213,8542,
Aug-2020,34310,9044,7,624,0,161,376,5610,1,6348,2457,0,29,0,823,27,36,258,8508,
Sep-2020,30956,8316,8,550,0,102,330,6258,1,3659,2350,0,30,0,798,9,33,257,8254,
Oct-2020,32307,9779,8,599,0,137,318,5404,1,3704,2515,0,31,0,826,15,36,261,8670,
Nov-2020,31295,9516,7,73,0,145,318,5753,1,3597,2382,0,28,0,801,24,34,254,8362,
Dec-2020,32929,9868,6,611,53,141,336,6148,1,3592,2449,0,27,0,830,31,36,222,8578,
Jan-2021,34091,,,,,,,,,,,,,,,,,,,
Feb-2021,30476,,,,,,,,,,,,,,,,,,,
Mar-2021,34786,,,,,,,,,,,,,,,,,,,
Apr-2021,33476,,,,,,,,,,,,,,,,,,,
May-2021,34286,,,,,,,,,,,,,,,,,,,
Jun-2021,32915,,,,,,,,,,,,,,,,,,,
Jul-2021,34065,,,,,,,,,,,,,,,,,,,
Aug-2021,33559,,,,,,,,,,,,,,,,,,,
Sep-2021,32312,,,,,,,,,,,,,,,,,,,
Oct-2021,33488,,,,,,,,,,,,,,,,,,,
Nov-2021,32502,,,,,,,,,,,,,,,,,,,
Dec-2021,33120,,,,,,,,,,,,,,,,,,,
Jan-2022,31920,,,,,,,,,,,,,,,,,,,
Feb-2022,29508,,,,,,,,,,,,,,,,,,,
